timestamp,host,ue_container,achieved_mbps,rtt_ms
2026-09-26 15:10:04,pc2,rfsim5g-end-ue-1,,90.00
2026-09-26 15:10:04,pc2,rfsim5g-end-ue-2,,88.10
2026-09-26 15:10:04,pc2,rfsim5g-end-ue-3,,83.70
2026-09-26 15:10:04,pc2,rfsim5g-end-ue-4,,81.50
2026-09-26 15:10:04,pc2,rfsim5g-end-ue-5,,83.80
2026-09-26 15:10:04,pc2,rfsim5g-end-ue-6,,92.40
2026-09-26 15:10:04,pc2,rfsim5g-end-ue-7,,85.40
2026-09-26 15:10:04,pc2,rfsim5g-end-ue-8,,87.90
2026-09-26 15:10:09,pc2,rfsim5g-end-ue-1,4.19,250.00
2026-09-26 15:10:09,pc2,rfsim5g-end-ue-2,,325.00
2026-09-26 15:10:09,pc2,rfsim5g-end-ue-3,,269.00
2026-09-26 15:10:09,pc2,rfsim5g-end-ue-4,,304.00
2026-09-26 15:10:09,pc2,rfsim5g-end-ue-5,,48.80
2026-09-26 15:10:09,pc2,rfsim5g-end-ue-6,,90.10
2026-09-26 15:10:09,pc2,rfsim5g-end-ue-7,,83.80
2026-09-26 15:10:09,pc2,rfsim5g-end-ue-8,,44.90
2026-09-26 15:10:15,pc2,rfsim5g-end-ue-1,3.15,20.10
2026-09-26 15:10:15,pc2,rfsim5g-end-ue-2,3.14,94.50
2026-09-26 15:10:15,pc2,rfsim5g-end-ue-3,1.05,43.90
2026-09-26 15:10:15,pc2,rfsim5g-end-ue-4,0.00,96.30
2026-09-26 15:10:15,pc2,rfsim5g-end-ue-5,1.05,220.00
2026-09-26 15:10:15,pc2,rfsim5g-end-ue-6,,319.00
2026-09-26 15:10:15,pc2,rfsim5g-end-ue-7,,278.00
2026-09-26 15:10:15,pc2,rfsim5g-end-ue-8,,275.00
2026-09-26 15:10:20,pc2,rfsim5g-end-ue-1,3.15,128.00
2026-09-26 15:10:20,pc2,rfsim5g-end-ue-2,3.15,183.00
2026-09-26 15:10:20,pc2,rfsim5g-end-ue-3,1.05,29.10
2026-09-26 15:10:20,pc2,rfsim5g-end-ue-4,1.05,27.10
2026-09-26 15:10:20,pc2,rfsim5g-end-ue-5,1.05,120.00
2026-09-26 15:10:20,pc2,rfsim5g-end-ue-6,2.10,94.90
2026-09-26 15:10:20,pc2,rfsim5g-end-ue-7,3.15,73.00
2026-09-26 15:10:20,pc2,rfsim5g-end-ue-8,1.05,80.60
2026-09-26 15:10:26,pc2,rfsim5g-end-ue-1,3.15,71.70
2026-09-26 15:10:26,pc2,rfsim5g-end-ue-2,3.16,134.00
2026-09-26 15:10:26,pc2,rfsim5g-end-ue-3,0.00,110.00
2026-09-26 15:10:26,pc2,rfsim5g-end-ue-4,1.05,135.00
2026-09-26 15:10:26,pc2,rfsim5g-end-ue-5,0.00,113.00
2026-09-26 15:10:26,pc2,rfsim5g-end-ue-6,2.09,113.00
2026-09-26 15:10:26,pc2,rfsim5g-end-ue-7,2.10,26.00
2026-09-26 15:10:26,pc2,rfsim5g-end-ue-8,2.10,103.00
2026-09-26 15:10:31,pc2,rfsim5g-end-ue-1,3.15,63.30
2026-09-26 15:10:31,pc2,rfsim5g-end-ue-2,3.15,162.00
2026-09-26 15:10:31,pc2,rfsim5g-end-ue-3,1.05,91.70
2026-09-26 15:10:31,pc2,rfsim5g-end-ue-4,0.00,88.00
2026-09-26 15:10:31,pc2,rfsim5g-end-ue-5,1.05,132.00
2026-09-26 15:10:31,pc2,rfsim5g-end-ue-6,2.10,131.00
2026-09-26 15:10:31,pc2,rfsim5g-end-ue-7,2.10,27.40
2026-09-26 15:10:31,pc2,rfsim5g-end-ue-8,2.10,56.00
2026-09-26 15:10:36,pc2,rfsim5g-end-ue-1,3.15,69.70
2026-09-26 15:10:36,pc2,rfsim5g-end-ue-2,4.19,104.00
2026-09-26 15:10:36,pc2,rfsim5g-end-ue-3,1.06,30.70
2026-09-26 15:10:36,pc2,rfsim5g-end-ue-4,0.00,141.00
2026-09-26 15:10:36,pc2,rfsim5g-end-ue-5,1.05,39.50
2026-09-26 15:10:36,pc2,rfsim5g-end-ue-6,2.10,71.20
2026-09-26 15:10:36,pc2,rfsim5g-end-ue-7,2.10,121.00
2026-09-26 15:10:36,pc2,rfsim5g-end-ue-8,2.10,120.00
2026-09-26 15:10:41,pc2,rfsim5g-end-ue-1,3.15,75.70
2026-09-26 15:10:41,pc2,rfsim5g-end-ue-2,3.15,95.40
2026-09-26 15:10:41,pc2,rfsim5g-end-ue-3,1.05,63.90
2026-09-26 15:10:41,pc2,rfsim5g-end-ue-4,1.05,88.10
2026-09-26 15:10:41,pc2,rfsim5g-end-ue-5,1.05,114.00
2026-09-26 15:10:41,pc2,rfsim5g-end-ue-6,2.10,67.80
2026-09-26 15:10:41,pc2,rfsim5g-end-ue-7,2.10,110.00
2026-09-26 15:10:41,pc2,rfsim5g-end-ue-8,2.10,110.00
2026-09-26 15:10:47,pc2,rfsim5g-end-ue-1,3.14,65.40
2026-09-26 15:10:47,pc2,rfsim5g-end-ue-2,3.15,165.00
2026-09-26 15:10:47,pc2,rfsim5g-end-ue-3,1.05,90.80
2026-09-26 15:10:47,pc2,rfsim5g-end-ue-4,1.05,86.80
2026-09-26 15:10:47,pc2,rfsim5g-end-ue-5,0.00,30.10
2026-09-26 15:10:47,pc2,rfsim5g-end-ue-6,2.10,60.50
2026-09-26 15:10:47,pc2,rfsim5g-end-ue-7,2.10,55.60
2026-09-26 15:10:47,pc2,rfsim5g-end-ue-8,1.05,56.80
2026-09-26 15:10:52,pc2,rfsim5g-end-ue-1,3.14,82.20
2026-09-26 15:10:52,pc2,rfsim5g-end-ue-2,3.15,159.00
2026-09-26 15:10:52,pc2,rfsim5g-end-ue-3,0.00,93.00
2026-09-26 15:10:52,pc2,rfsim5g-end-ue-4,0.00,102.00
2026-09-26 15:10:52,pc2,rfsim5g-end-ue-5,1.05,81.30
2026-09-26 15:10:52,pc2,rfsim5g-end-ue-6,2.10,77.00
2026-09-26 15:10:52,pc2,rfsim5g-end-ue-7,2.10,55.80
2026-09-26 15:10:52,pc2,rfsim5g-end-ue-8,2.10,104.00
2026-09-26 15:10:57,pc2,rfsim5g-end-ue-1,4.19,69.70
2026-09-26 15:10:57,pc2,rfsim5g-end-ue-2,3.14,192.00
2026-09-26 15:10:57,pc2,rfsim5g-end-ue-3,1.05,103.00
2026-09-26 15:10:57,pc2,rfsim5g-end-ue-4,0.00,106.00
2026-09-26 15:10:57,pc2,rfsim5g-end-ue-5,1.04,102.00
2026-09-26 15:10:57,pc2,rfsim5g-end-ue-6,2.09,60.10
2026-09-26 15:10:57,pc2,rfsim5g-end-ue-7,1.05,64.90
2026-09-26 15:10:57,pc2,rfsim5g-end-ue-8,1.05,74.00
2026-09-26 15:11:02,pc2,rfsim5g-end-ue-1,3.15,66.80
2026-09-26 15:11:02,pc2,rfsim5g-end-ue-2,3.14,147.00
2026-09-26 15:11:02,pc2,rfsim5g-end-ue-3,1.05,104.00
2026-09-26 15:11:02,pc2,rfsim5g-end-ue-4,1.05,105.00
2026-09-26 15:11:02,pc2,rfsim5g-end-ue-5,1.05,122.00
2026-09-26 15:11:02,pc2,rfsim5g-end-ue-6,2.10,54.30
2026-09-26 15:11:02,pc2,rfsim5g-end-ue-7,2.10,109.00
2026-09-26 15:11:02,pc2,rfsim5g-end-ue-8,2.09,92.20
2026-09-26 15:11:08,pc2,rfsim5g-end-ue-1,3.13,57.80
2026-09-26 15:11:08,pc2,rfsim5g-end-ue-2,3.15,137.00
2026-09-26 15:11:08,pc2,rfsim5g-end-ue-3,1.05,138.00
2026-09-26 15:11:08,pc2,rfsim5g-end-ue-4,1.05,153.00
2026-09-26 15:11:08,pc2,rfsim5g-end-ue-5,0.00,96.30
2026-09-26 15:11:08,pc2,rfsim5g-end-ue-6,2.10,49.40
2026-09-26 15:11:08,pc2,rfsim5g-end-ue-7,1.05,19.70
2026-09-26 15:11:08,pc2,rfsim5g-end-ue-8,1.05,93.30
2026-09-26 15:11:13,pc2,rfsim5g-end-ue-1,3.11,65.20
2026-09-26 15:11:13,pc2,rfsim5g-end-ue-2,3.15,97.30
2026-09-26 15:11:13,pc2,rfsim5g-end-ue-3,0.00,96.20
2026-09-26 15:11:13,pc2,rfsim5g-end-ue-4,1.05,93.00
2026-09-26 15:11:13,pc2,rfsim5g-end-ue-5,1.05,112.00
2026-09-26 15:11:13,pc2,rfsim5g-end-ue-6,2.10,72.20
2026-09-26 15:11:13,pc2,rfsim5g-end-ue-7,2.10,71.10
2026-09-26 15:11:13,pc2,rfsim5g-end-ue-8,2.10,107.00
2026-09-26 15:11:18,pc2,rfsim5g-end-ue-1,3.15,73.80
2026-09-26 15:11:18,pc2,rfsim5g-end-ue-2,2.10,68.10
2026-09-26 15:11:18,pc2,rfsim5g-end-ue-3,1.05,81.10
2026-09-26 15:11:18,pc2,rfsim5g-end-ue-4,0.00,67.90
2026-09-26 15:11:18,pc2,rfsim5g-end-ue-5,1.05,91.80
2026-09-26 15:11:18,pc2,rfsim5g-end-ue-6,2.10,52.80
2026-09-26 15:11:18,pc2,rfsim5g-end-ue-7,1.05,79.30
2026-09-26 15:11:18,pc2,rfsim5g-end-ue-8,1.05,126.00
2026-09-26 15:11:24,pc2,rfsim5g-end-ue-1,3.14,30.20
2026-09-26 15:11:24,pc2,rfsim5g-end-ue-2,3.15,52.20
2026-09-26 15:11:24,pc2,rfsim5g-end-ue-3,1.05,83.30
2026-09-26 15:11:24,pc2,rfsim5g-end-ue-4,1.05,88.90
2026-09-26 15:11:24,pc2,rfsim5g-end-ue-5,1.05,91.00
2026-09-26 15:11:24,pc2,rfsim5g-end-ue-6,2.10,41.50
2026-09-26 15:11:24,pc2,rfsim5g-end-ue-7,2.10,57.00
2026-09-26 15:11:24,pc2,rfsim5g-end-ue-8,2.09,116.00
2026-09-26 15:11:29,pc2,rfsim5g-end-ue-1,3.14,62.60
2026-09-26 15:11:29,pc2,rfsim5g-end-ue-2,3.15,27.40
2026-09-26 15:11:29,pc2,rfsim5g-end-ue-3,1.05,90.20
2026-09-26 15:11:29,pc2,rfsim5g-end-ue-4,1.05,117.00
2026-09-26 15:11:29,pc2,rfsim5g-end-ue-5,0.00,68.70
2026-09-26 15:11:29,pc2,rfsim5g-end-ue-6,2.09,58.00
2026-09-26 15:11:29,pc2,rfsim5g-end-ue-7,1.04,25.60
2026-09-26 15:11:29,pc2,rfsim5g-end-ue-8,2.10,96.30
2026-09-26 15:11:34,pc2,rfsim5g-end-ue-1,3.15,89.40
2026-09-26 15:11:34,pc2,rfsim5g-end-ue-2,3.15,24.50
2026-09-26 15:11:34,pc2,rfsim5g-end-ue-3,0.00,89.10
2026-09-26 15:11:34,pc2,rfsim5g-end-ue-4,1.05,82.20
2026-09-26 15:11:34,pc2,rfsim5g-end-ue-5,0.00,88.90
2026-09-26 15:11:34,pc2,rfsim5g-end-ue-6,2.10,59.50
2026-09-26 15:11:34,pc2,rfsim5g-end-ue-7,2.10,64.90
2026-09-26 15:11:34,pc2,rfsim5g-end-ue-8,2.10,76.40
2026-09-26 15:11:39,pc2,rfsim5g-end-ue-1,3.15,47.00
2026-09-26 15:11:39,pc2,rfsim5g-end-ue-2,3.15,224.00
2026-09-26 15:11:39,pc2,rfsim5g-end-ue-3,1.05,93.00
2026-09-26 15:11:39,pc2,rfsim5g-end-ue-4,0.00,95.50
2026-09-26 15:11:39,pc2,rfsim5g-end-ue-5,1.05,91.00
2026-09-26 15:11:39,pc2,rfsim5g-end-ue-6,2.09,68.90
2026-09-26 15:11:39,pc2,rfsim5g-end-ue-7,1.05,30.40
2026-09-26 15:11:39,pc2,rfsim5g-end-ue-8,2.10,61.60
2026-09-26 15:11:45,pc2,rfsim5g-end-ue-1,3.15,59.80
2026-09-26 15:11:45,pc2,rfsim5g-end-ue-2,3.15,162.00
2026-09-26 15:11:45,pc2,rfsim5g-end-ue-3,1.05,41.30
2026-09-26 15:11:45,pc2,rfsim5g-end-ue-4,1.05,104.00
2026-09-26 15:11:45,pc2,rfsim5g-end-ue-5,1.05,64.90
2026-09-26 15:11:45,pc2,rfsim5g-end-ue-6,2.10,65.30
2026-09-26 15:11:45,pc2,rfsim5g-end-ue-7,2.10,75.30
2026-09-26 15:11:45,pc2,rfsim5g-end-ue-8,2.10,24.40
2026-09-26 15:11:50,pc2,rfsim5g-end-ue-1,3.15,21.50
2026-09-26 15:11:50,pc2,rfsim5g-end-ue-2,3.15,187.00
2026-09-26 15:11:50,pc2,rfsim5g-end-ue-3,1.05,61.60
2026-09-26 15:11:50,pc2,rfsim5g-end-ue-4,1.05,82.50
2026-09-26 15:11:50,pc2,rfsim5g-end-ue-5,0.00,81.50
2026-09-26 15:11:50,pc2,rfsim5g-end-ue-6,2.10,55.70
2026-09-26 15:11:50,pc2,rfsim5g-end-ue-7,2.09,61.00
2026-09-26 15:11:50,pc2,rfsim5g-end-ue-8,2.10,27.90
2026-09-26 15:11:55,pc2,rfsim5g-end-ue-1,3.16,55.00
2026-09-26 15:11:55,pc2,rfsim5g-end-ue-2,3.15,174.00
2026-09-26 15:11:55,pc2,rfsim5g-end-ue-3,0.00,54.00
2026-09-26 15:11:55,pc2,rfsim5g-end-ue-4,1.05,88.40
2026-09-26 15:11:55,pc2,rfsim5g-end-ue-5,0.00,83.80
2026-09-26 15:11:55,pc2,rfsim5g-end-ue-6,2.10,64.60
2026-09-26 15:11:55,pc2,rfsim5g-end-ue-7,2.10,57.60
2026-09-26 15:11:55,pc2,rfsim5g-end-ue-8,2.10,28.60
2026-09-26 15:12:00,pc2,rfsim5g-end-ue-1,3.15,66.50
2026-09-26 15:12:00,pc2,rfsim5g-end-ue-2,3.15,175.00
2026-09-26 15:12:00,pc2,rfsim5g-end-ue-3,1.05,45.80
2026-09-26 15:12:00,pc2,rfsim5g-end-ue-4,0.00,88.80
2026-09-26 15:12:00,pc2,rfsim5g-end-ue-5,1.05,90.20
2026-09-26 15:12:00,pc2,rfsim5g-end-ue-6,2.10,57.10
2026-09-26 15:12:00,pc2,rfsim5g-end-ue-7,1.05,59.60
2026-09-26 15:12:00,pc2,rfsim5g-end-ue-8,2.10,70.10
2026-09-26 15:12:06,pc2,rfsim5g-end-ue-1,3.15,59.60
2026-09-26 15:12:06,pc2,rfsim5g-end-ue-2,3.15,237.00
2026-09-26 15:12:06,pc2,rfsim5g-end-ue-3,1.05,53.20
2026-09-26 15:12:06,pc2,rfsim5g-end-ue-4,1.05,82.30
2026-09-26 15:12:06,pc2,rfsim5g-end-ue-5,1.05,88.20
2026-09-26 15:12:06,pc2,rfsim5g-end-ue-6,2.10,58.70
2026-09-26 15:12:06,pc2,rfsim5g-end-ue-7,2.09,62.70
2026-09-26 15:12:06,pc2,rfsim5g-end-ue-8,2.11,28.30
2026-09-26 15:12:11,pc2,rfsim5g-end-ue-1,3.15,56.30
2026-09-26 15:12:11,pc2,rfsim5g-end-ue-2,3.15,146.00
2026-09-26 15:12:11,pc2,rfsim5g-end-ue-3,1.05,102.00
2026-09-26 15:12:11,pc2,rfsim5g-end-ue-4,1.05,115.00
2026-09-26 15:12:11,pc2,rfsim5g-end-ue-5,0.00,80.60
2026-09-26 15:12:11,pc2,rfsim5g-end-ue-6,2.10,62.40
2026-09-26 15:12:11,pc2,rfsim5g-end-ue-7,2.10,87.70
2026-09-26 15:12:11,pc2,rfsim5g-end-ue-8,2.10,68.40
2026-09-26 15:12:16,pc2,rfsim5g-end-ue-1,3.15,66.50
2026-09-26 15:12:16,pc2,rfsim5g-end-ue-2,3.16,117.00
2026-09-26 15:12:16,pc2,rfsim5g-end-ue-3,0.00,89.90
2026-09-26 15:12:16,pc2,rfsim5g-end-ue-4,1.05,100.00
2026-09-26 15:12:16,pc2,rfsim5g-end-ue-5,0.00,84.30
2026-09-26 15:12:16,pc2,rfsim5g-end-ue-6,2.10,60.40
2026-09-26 15:12:16,pc2,rfsim5g-end-ue-7,2.10,54.20
2026-09-26 15:12:16,pc2,rfsim5g-end-ue-8,2.10,65.40
2026-09-26 15:12:21,pc2,rfsim5g-end-ue-1,3.15,85.80
2026-09-26 15:12:21,pc2,rfsim5g-end-ue-2,3.15,322.00
2026-09-26 15:12:21,pc2,rfsim5g-end-ue-3,0.00,95.20
2026-09-26 15:12:21,pc2,rfsim5g-end-ue-4,0.00,95.70
2026-09-26 15:12:21,pc2,rfsim5g-end-ue-5,1.05,81.40
2026-09-26 15:12:21,pc2,rfsim5g-end-ue-6,2.11,59.20
2026-09-26 15:12:21,pc2,rfsim5g-end-ue-7,1.04,76.00
2026-09-26 15:12:21,pc2,rfsim5g-end-ue-8,2.10,32.00
2026-09-26 15:12:27,pc2,rfsim5g-end-ue-1,3.15,234.00
2026-09-26 15:12:27,pc2,rfsim5g-end-ue-2,0.00,79.00
2026-09-26 15:12:27,pc2,rfsim5g-end-ue-3,1.05,108.00
2026-09-26 15:12:27,pc2,rfsim5g-end-ue-4,1.05,101.00
2026-09-26 15:12:27,pc2,rfsim5g-end-ue-5,,98.40
2026-09-26 15:12:27,pc2,rfsim5g-end-ue-6,2.10,74.40
2026-09-26 15:12:27,pc2,rfsim5g-end-ue-7,2.09,133.00
2026-09-26 15:12:27,pc2,rfsim5g-end-ue-8,2.07,63.60
2026-09-26 15:12:32,pc2,rfsim5g-end-ue-1,2.10,
2026-09-26 15:12:32,pc2,rfsim5g-end-ue-2,1.05,29.80
2026-09-26 15:12:32,pc2,rfsim5g-end-ue-3,1.05,89.30
2026-09-26 15:12:32,pc2,rfsim5g-end-ue-4,1.05,90.50
2026-09-26 15:12:32,pc2,rfsim5g-end-ue-5,2.10,90.80
2026-09-26 15:12:32,pc2,rfsim5g-end-ue-6,2.07,37.40
2026-09-26 15:12:32,pc2,rfsim5g-end-ue-7,2.10,223.00
2026-09-26 15:12:32,pc2,rfsim5g-end-ue-8,3.15,66.90
2026-09-26 15:12:38,pc2,rfsim5g-end-ue-1,3.15,63.00
2026-09-26 15:12:38,pc2,rfsim5g-end-ue-2,1.05,73.20
2026-09-26 15:12:38,pc2,rfsim5g-end-ue-3,1.06,63.10
2026-09-26 15:12:38,pc2,rfsim5g-end-ue-4,1.05,55.10
2026-09-26 15:12:38,pc2,rfsim5g-end-ue-5,2.10,73.60
2026-09-26 15:12:38,pc2,rfsim5g-end-ue-6,2.10,83.80
2026-09-26 15:12:38,pc2,rfsim5g-end-ue-7,2.10,691.00
2026-09-26 15:12:38,pc2,rfsim5g-end-ue-8,3.15,92.80
2026-09-26 15:12:44,pc2,rfsim5g-end-ue-1,3.15,200.00
2026-09-26 15:12:44,pc2,rfsim5g-end-ue-2,1.07,68.30
2026-09-26 15:12:44,pc2,rfsim5g-end-ue-3,1.05,62.70
2026-09-26 15:12:44,pc2,rfsim5g-end-ue-4,1.05,49.80
2026-09-26 15:12:44,pc2,rfsim5g-end-ue-5,2.10,90.80
2026-09-26 15:12:44,pc2,rfsim5g-end-ue-6,2.10,83.90
2026-09-26 15:12:44,pc2,rfsim5g-end-ue-7,2.10,42.10
2026-09-26 15:12:44,pc2,rfsim5g-end-ue-8,3.15,75.70
2026-09-26 15:12:50,pc2,rfsim5g-end-ue-1,3.14,112.00
2026-09-26 15:12:50,pc2,rfsim5g-end-ue-2,1.05,81.90
2026-09-26 15:12:50,pc2,rfsim5g-end-ue-3,0.00,104.00
2026-09-26 15:12:50,pc2,rfsim5g-end-ue-4,1.05,80.50
2026-09-26 15:12:50,pc2,rfsim5g-end-ue-5,2.10,73.30
2026-09-26 15:12:50,pc2,rfsim5g-end-ue-6,2.12,39.90
2026-09-26 15:12:50,pc2,rfsim5g-end-ue-7,2.10,82.50
2026-09-26 15:12:50,pc2,rfsim5g-end-ue-8,3.14,81.80
2026-09-26 15:12:55,pc2,rfsim5g-end-ue-1,3.15,108.00
2026-09-26 15:12:55,pc2,rfsim5g-end-ue-2,1.05,90.30
2026-09-26 15:12:55,pc2,rfsim5g-end-ue-3,1.05,84.80
2026-09-26 15:12:55,pc2,rfsim5g-end-ue-4,0.00,86.20
2026-09-26 15:12:55,pc2,rfsim5g-end-ue-5,2.10,69.00
2026-09-26 15:12:55,pc2,rfsim5g-end-ue-6,2.10,64.60
2026-09-26 15:12:55,pc2,rfsim5g-end-ue-7,2.08,92.50
2026-09-26 15:12:55,pc2,rfsim5g-end-ue-8,3.14,71.80
2026-09-26 15:13:00,pc2,rfsim5g-end-ue-1,3.15,52.20
2026-09-26 15:13:00,pc2,rfsim5g-end-ue-2,0.00,81.90
2026-09-26 15:13:00,pc2,rfsim5g-end-ue-3,1.05,84.80
2026-09-26 15:13:00,pc2,rfsim5g-end-ue-4,1.05,86.60
2026-09-26 15:13:00,pc2,rfsim5g-end-ue-5,2.08,53.40
2026-09-26 15:13:00,pc2,rfsim5g-end-ue-6,2.10,63.70
2026-09-26 15:13:00,pc2,rfsim5g-end-ue-7,2.10,68.40
2026-09-26 15:13:00,pc2,rfsim5g-end-ue-8,2.10,59.20
2026-09-26 15:13:05,pc2,rfsim5g-end-ue-1,3.15,87.80
2026-09-26 15:13:05,pc2,rfsim5g-end-ue-2,0.00,90.90
2026-09-26 15:13:05,pc2,rfsim5g-end-ue-3,0.00,85.50
2026-09-26 15:13:05,pc2,rfsim5g-end-ue-4,1.05,98.50
2026-09-26 15:13:05,pc2,rfsim5g-end-ue-5,2.10,68.80
2026-09-26 15:13:05,pc2,rfsim5g-end-ue-6,2.10,64.80
2026-09-26 15:13:05,pc2,rfsim5g-end-ue-7,2.10,62.10
2026-09-26 15:13:05,pc2,rfsim5g-end-ue-8,3.14,62.60
2026-09-26 15:13:11,pc2,rfsim5g-end-ue-1,3.13,72.70
2026-09-26 15:13:11,pc2,rfsim5g-end-ue-2,1.05,89.00
2026-09-26 15:13:11,pc2,rfsim5g-end-ue-3,0.00,84.40
2026-09-26 15:13:11,pc2,rfsim5g-end-ue-4,1.05,46.60
2026-09-26 15:13:11,pc2,rfsim5g-end-ue-5,2.10,57.40
2026-09-26 15:13:11,pc2,rfsim5g-end-ue-6,2.10,53.50
2026-09-26 15:13:11,pc2,rfsim5g-end-ue-7,2.10,58.10
2026-09-26 15:13:11,pc2,rfsim5g-end-ue-8,3.14,57.20
2026-09-26 15:13:16,pc2,rfsim5g-end-ue-1,4.19,73.90
2026-09-26 15:13:16,pc2,rfsim5g-end-ue-2,1.05,90.10
2026-09-26 15:13:16,pc2,rfsim5g-end-ue-3,1.05,81.50
2026-09-26 15:13:16,pc2,rfsim5g-end-ue-4,0.00,38.30
2026-09-26 15:13:16,pc2,rfsim5g-end-ue-5,2.10,62.60
2026-09-26 15:13:16,pc2,rfsim5g-end-ue-6,2.10,71.00
2026-09-26 15:13:16,pc2,rfsim5g-end-ue-7,1.05,65.80
2026-09-26 15:13:16,pc2,rfsim5g-end-ue-8,3.15,63.90
2026-09-26 15:13:21,pc2,rfsim5g-end-ue-1,3.15,77.20
2026-09-26 15:13:21,pc2,rfsim5g-end-ue-2,0.00,84.70
2026-09-26 15:13:21,pc2,rfsim5g-end-ue-3,1.05,87.10
2026-09-26 15:13:21,pc2,rfsim5g-end-ue-4,1.06,40.40
2026-09-26 15:13:21,pc2,rfsim5g-end-ue-5,2.10,71.60
2026-09-26 15:13:21,pc2,rfsim5g-end-ue-6,2.10,69.00
2026-09-26 15:13:21,pc2,rfsim5g-end-ue-7,2.10,60.90
2026-09-26 15:13:21,pc2,rfsim5g-end-ue-8,3.14,69.00
2026-09-26 15:13:26,pc2,rfsim5g-end-ue-1,3.15,64.10
2026-09-26 15:13:26,pc2,rfsim5g-end-ue-2,0.00,94.90
2026-09-26 15:13:26,pc2,rfsim5g-end-ue-3,1.05,90.90
2026-09-26 15:13:26,pc2,rfsim5g-end-ue-4,1.05,80.20
2026-09-26 15:13:26,pc2,rfsim5g-end-ue-5,2.10,67.70
2026-09-26 15:13:26,pc2,rfsim5g-end-ue-6,2.10,64.80
2026-09-26 15:13:26,pc2,rfsim5g-end-ue-7,1.05,83.40
2026-09-26 15:13:26,pc2,rfsim5g-end-ue-8,3.14,65.30
2026-09-26 15:13:32,pc2,rfsim5g-end-ue-1,3.15,61.70
2026-09-26 15:13:32,pc2,rfsim5g-end-ue-2,1.05,86.90
2026-09-26 15:13:32,pc2,rfsim5g-end-ue-3,0.00,85.50
2026-09-26 15:13:32,pc2,rfsim5g-end-ue-4,1.05,101.00
2026-09-26 15:13:32,pc2,rfsim5g-end-ue-5,2.10,41.80
2026-09-26 15:13:32,pc2,rfsim5g-end-ue-6,2.10,38.80
2026-09-26 15:13:32,pc2,rfsim5g-end-ue-7,2.10,67.80
2026-09-26 15:13:32,pc2,rfsim5g-end-ue-8,3.15,62.80
2026-09-26 15:13:37,pc2,rfsim5g-end-ue-1,3.16,57.90
2026-09-26 15:13:37,pc2,rfsim5g-end-ue-2,1.05,81.40
2026-09-26 15:13:37,pc2,rfsim5g-end-ue-3,1.05,92.30
2026-09-26 15:13:37,pc2,rfsim5g-end-ue-4,0.00,82.80
2026-09-26 15:13:37,pc2,rfsim5g-end-ue-5,2.10,45.50
2026-09-26 15:13:37,pc2,rfsim5g-end-ue-6,2.10,66.10
2026-09-26 15:13:37,pc2,rfsim5g-end-ue-7,2.10,59.00
2026-09-26 15:13:37,pc2,rfsim5g-end-ue-8,3.15,66.40
2026-09-26 15:13:42,pc2,rfsim5g-end-ue-1,3.15,52.60
2026-09-26 15:13:42,pc2,rfsim5g-end-ue-2,1.05,83.90
2026-09-26 15:13:42,pc2,rfsim5g-end-ue-3,1.05,103.00
2026-09-26 15:13:42,pc2,rfsim5g-end-ue-4,1.05,82.80
2026-09-26 15:13:42,pc2,rfsim5g-end-ue-5,2.10,59.60
2026-09-26 15:13:42,pc2,rfsim5g-end-ue-6,1.05,66.60
2026-09-26 15:13:42,pc2,rfsim5g-end-ue-7,2.10,56.60
2026-09-26 15:13:42,pc2,rfsim5g-end-ue-8,3.14,61.30
2026-09-26 15:13:47,pc2,rfsim5g-end-ue-1,3.13,42.70
2026-09-26 15:13:47,pc2,rfsim5g-end-ue-2,0.00,83.80
2026-09-26 15:13:47,pc2,rfsim5g-end-ue-3,1.05,88.00
2026-09-26 15:13:47,pc2,rfsim5g-end-ue-4,1.05,108.00
2026-09-26 15:13:47,pc2,rfsim5g-end-ue-5,2.10,27.40
2026-09-26 15:13:47,pc2,rfsim5g-end-ue-6,2.10,88.50
2026-09-26 15:13:47,pc2,rfsim5g-end-ue-7,1.05,80.40
2026-09-26 15:13:47,pc2,rfsim5g-end-ue-8,3.16,69.30
2026-09-26 15:13:53,pc2,rfsim5g-end-ue-1,4.19,35.50
2026-09-26 15:13:53,pc2,rfsim5g-end-ue-2,1.05,92.60
2026-09-26 15:13:53,pc2,rfsim5g-end-ue-3,0.00,78.30
2026-09-26 15:13:53,pc2,rfsim5g-end-ue-4,1.05,47.10
2026-09-26 15:13:53,pc2,rfsim5g-end-ue-5,2.10,47.00
2026-09-26 15:13:53,pc2,rfsim5g-end-ue-6,2.10,55.60
2026-09-26 15:13:53,pc2,rfsim5g-end-ue-7,2.10,81.50
2026-09-26 15:13:53,pc2,rfsim5g-end-ue-8,3.15,67.90
2026-09-26 15:13:58,pc2,rfsim5g-end-ue-1,3.16,82.90
2026-09-26 15:13:58,pc2,rfsim5g-end-ue-2,1.05,90.90
2026-09-26 15:13:58,pc2,rfsim5g-end-ue-3,1.05,85.10
2026-09-26 15:13:58,pc2,rfsim5g-end-ue-4,0.00,85.90
2026-09-26 15:13:58,pc2,rfsim5g-end-ue-5,2.09,52.70
2026-09-26 15:13:58,pc2,rfsim5g-end-ue-6,2.10,95.50
2026-09-26 15:13:58,pc2,rfsim5g-end-ue-7,2.09,60.10
2026-09-26 15:13:58,pc2,rfsim5g-end-ue-8,3.15,58.10
2026-09-26 15:14:03,pc2,rfsim5g-end-ue-1,3.15,43.40
2026-09-26 15:14:03,pc2,rfsim5g-end-ue-2,1.05,84.70
2026-09-26 15:14:03,pc2,rfsim5g-end-ue-3,1.05,102.00
2026-09-26 15:14:03,pc2,rfsim5g-end-ue-4,1.05,86.20
2026-09-26 15:14:03,pc2,rfsim5g-end-ue-5,2.10,64.30
2026-09-26 15:14:03,pc2,rfsim5g-end-ue-6,1.05,67.50
2026-09-26 15:14:03,pc2,rfsim5g-end-ue-7,2.10,66.00
2026-09-26 15:14:03,pc2,rfsim5g-end-ue-8,3.14,84.30
2026-09-26 15:14:08,pc2,rfsim5g-end-ue-1,3.15,73.50
2026-09-26 15:14:08,pc2,rfsim5g-end-ue-2,0.00,90.60
2026-09-26 15:14:08,pc2,rfsim5g-end-ue-3,1.05,85.10
2026-09-26 15:14:08,pc2,rfsim5g-end-ue-4,1.05,84.10
2026-09-26 15:14:08,pc2,rfsim5g-end-ue-5,2.09,65.60
2026-09-26 15:14:08,pc2,rfsim5g-end-ue-6,2.10,65.10
2026-09-26 15:14:08,pc2,rfsim5g-end-ue-7,2.09,78.60
2026-09-26 15:14:08,pc2,rfsim5g-end-ue-8,3.14,61.10
2026-09-26 15:14:14,pc2,rfsim5g-end-ue-1,3.12,80.20
2026-09-26 15:14:14,pc2,rfsim5g-end-ue-2,1.05,82.90
2026-09-26 15:14:14,pc2,rfsim5g-end-ue-3,0.00,90.60
2026-09-26 15:14:14,pc2,rfsim5g-end-ue-4,1.05,92.80
2026-09-26 15:14:14,pc2,rfsim5g-end-ue-5,2.10,48.90
2026-09-26 15:14:14,pc2,rfsim5g-end-ue-6,1.05,51.60
2026-09-26 15:14:14,pc2,rfsim5g-end-ue-7,2.10,62.70
2026-09-26 15:14:14,pc2,rfsim5g-end-ue-8,4.20,60.20
2026-09-26 15:14:19,pc2,rfsim5g-end-ue-1,3.16,73.40
2026-09-26 15:14:19,pc2,rfsim5g-end-ue-2,1.05,88.60
2026-09-26 15:14:19,pc2,rfsim5g-end-ue-3,0.00,83.30
2026-09-26 15:14:19,pc2,rfsim5g-end-ue-4,0.00,90.40
2026-09-26 15:14:19,pc2,rfsim5g-end-ue-5,2.10,65.60
2026-09-26 15:14:19,pc2,rfsim5g-end-ue-6,2.10,67.70
2026-09-26 15:14:19,pc2,rfsim5g-end-ue-7,2.10,68.10
2026-09-26 15:14:19,pc2,rfsim5g-end-ue-8,3.15,65.60
2026-09-26 15:14:24,pc2,rfsim5g-end-ue-1,3.15,89.20
2026-09-26 15:14:24,pc2,rfsim5g-end-ue-2,1.04,85.00
2026-09-26 15:14:24,pc2,rfsim5g-end-ue-3,1.05,87.60
2026-09-26 15:14:24,pc2,rfsim5g-end-ue-4,1.05,58.30
2026-09-26 15:14:24,pc2,rfsim5g-end-ue-5,2.10,53.50
2026-09-26 15:14:24,pc2,rfsim5g-end-ue-6,2.10,60.70
2026-09-26 15:14:24,pc2,rfsim5g-end-ue-7,2.11,64.60
2026-09-26 15:14:24,pc2,rfsim5g-end-ue-8,3.14,64.00
2026-09-26 15:14:29,pc2,rfsim5g-end-ue-1,3.15,81.20
2026-09-26 15:14:29,pc2,rfsim5g-end-ue-2,0.00,88.60
2026-09-26 15:14:29,pc2,rfsim5g-end-ue-3,1.05,85.00
2026-09-26 15:14:29,pc2,rfsim5g-end-ue-4,1.05,87.30
2026-09-26 15:14:29,pc2,rfsim5g-end-ue-5,2.09,58.20
2026-09-26 15:14:29,pc2,rfsim5g-end-ue-6,2.10,73.70
2026-09-26 15:14:29,pc2,rfsim5g-end-ue-7,2.10,47.70
2026-09-26 15:14:29,pc2,rfsim5g-end-ue-8,3.14,58.90
2026-09-26 15:14:35,pc2,rfsim5g-end-ue-1,,84.50
2026-09-26 15:14:35,pc2,rfsim5g-end-ue-2,1.05,104.00
2026-09-26 15:14:35,pc2,rfsim5g-end-ue-3,0.00,124.00
2026-09-26 15:14:35,pc2,rfsim5g-end-ue-4,1.05,61.30
2026-09-26 15:14:35,pc2,rfsim5g-end-ue-5,2.10,73.30
2026-09-26 15:14:35,pc2,rfsim5g-end-ue-6,2.10,74.00
2026-09-26 15:14:35,pc2,rfsim5g-end-ue-7,2.10,72.80
2026-09-26 15:14:35,pc2,rfsim5g-end-ue-8,4.20,69.60
2026-09-26 15:14:40,pc2,rfsim5g-end-ue-1,1.05,44.70
2026-09-26 15:14:40,pc2,rfsim5g-end-ue-2,1.04,83.40
2026-09-26 15:14:40,pc2,rfsim5g-end-ue-3,1.05,85.70
2026-09-26 15:14:40,pc2,rfsim5g-end-ue-4,1.05,88.00
2026-09-26 15:14:40,pc2,rfsim5g-end-ue-5,2.10,32.10
2026-09-26 15:14:40,pc2,rfsim5g-end-ue-6,2.10,65.10
2026-09-26 15:14:40,pc2,rfsim5g-end-ue-7,3.15,57.20
2026-09-26 15:14:40,pc2,rfsim5g-end-ue-8,3.14,81.00
2026-09-26 15:14:45,pc2,rfsim5g-end-ue-1,0.00,29.70
2026-09-26 15:14:45,pc2,rfsim5g-end-ue-2,1.05,100.00
2026-09-26 15:14:45,pc2,rfsim5g-end-ue-3,1.05,324.00
2026-09-26 15:14:45,pc2,rfsim5g-end-ue-4,2.10,62.60
2026-09-26 15:14:45,pc2,rfsim5g-end-ue-5,2.10,34.90
2026-09-26 15:14:45,pc2,rfsim5g-end-ue-6,1.05,
2026-09-26 15:14:45,pc2,rfsim5g-end-ue-7,3.15,22.60
2026-09-26 15:14:45,pc2,rfsim5g-end-ue-8,3.15,187.00
2026-09-26 15:14:51,pc2,rfsim5g-end-ue-1,1.05,95.20
2026-09-26 15:14:51,pc2,rfsim5g-end-ue-2,1.05,44.60
2026-09-26 15:14:51,pc2,rfsim5g-end-ue-3,1.05,179.00
2026-09-26 15:14:51,pc2,rfsim5g-end-ue-4,2.10,78.50
2026-09-26 15:14:51,pc2,rfsim5g-end-ue-5,2.13,79.80
2026-09-26 15:14:51,pc2,rfsim5g-end-ue-6,2.10,56.30
2026-09-26 15:14:51,pc2,rfsim5g-end-ue-7,4.19,70.30
2026-09-26 15:14:51,pc2,rfsim5g-end-ue-8,3.15,86.00
2026-09-26 15:14:57,pc2,rfsim5g-end-ue-1,1.05,42.70
2026-09-26 15:14:57,pc2,rfsim5g-end-ue-2,1.05,97.10
2026-09-26 15:14:57,pc2,rfsim5g-end-ue-3,0.00,139.00
2026-09-26 15:14:57,pc2,rfsim5g-end-ue-4,2.10,54.90
2026-09-26 15:14:57,pc2,rfsim5g-end-ue-5,2.09,74.70
2026-09-26 15:14:57,pc2,rfsim5g-end-ue-6,1.05,65.40
2026-09-26 15:14:57,pc2,rfsim5g-end-ue-7,3.15,57.70
2026-09-26 15:14:57,pc2,rfsim5g-end-ue-8,3.14,101.00
2026-09-26 15:15:02,pc2,rfsim5g-end-ue-1,0.00,74.60
2026-09-26 15:15:02,pc2,rfsim5g-end-ue-2,1.05,80.50
2026-09-26 15:15:02,pc2,rfsim5g-end-ue-3,1.05,116.00
2026-09-26 15:15:02,pc2,rfsim5g-end-ue-4,2.11,76.90
2026-09-26 15:15:02,pc2,rfsim5g-end-ue-5,2.10,92.90
2026-09-26 15:15:02,pc2,rfsim5g-end-ue-6,2.10,89.70
2026-09-26 15:15:02,pc2,rfsim5g-end-ue-7,3.14,113.00
2026-09-26 15:15:02,pc2,rfsim5g-end-ue-8,3.15,87.30
2026-09-26 15:15:07,pc2,rfsim5g-end-ue-1,1.05,84.50
2026-09-26 15:15:07,pc2,rfsim5g-end-ue-2,1.05,106.00
2026-09-26 15:15:07,pc2,rfsim5g-end-ue-3,1.05,64.60
2026-09-26 15:15:07,pc2,rfsim5g-end-ue-4,2.10,68.90
2026-09-26 15:15:07,pc2,rfsim5g-end-ue-5,2.10,122.00
2026-09-26 15:15:07,pc2,rfsim5g-end-ue-6,1.05,135.00
2026-09-26 15:15:07,pc2,rfsim5g-end-ue-7,3.15,137.00
2026-09-26 15:15:07,pc2,rfsim5g-end-ue-8,3.14,137.00
2026-09-26 15:15:12,pc2,rfsim5g-end-ue-1,1.05,40.90
2026-09-26 15:15:12,pc2,rfsim5g-end-ue-2,1.05,43.60
2026-09-26 15:15:12,pc2,rfsim5g-end-ue-3,1.05,94.30
2026-09-26 15:15:12,pc2,rfsim5g-end-ue-4,2.10,58.30
2026-09-26 15:15:12,pc2,rfsim5g-end-ue-5,2.10,78.90
2026-09-26 15:15:12,pc2,rfsim5g-end-ue-6,2.10,61.30
2026-09-26 15:15:12,pc2,rfsim5g-end-ue-7,3.15,96.60
2026-09-26 15:15:12,pc2,rfsim5g-end-ue-8,4.19,105.00
2026-09-26 15:15:18,pc2,rfsim5g-end-ue-1,1.05,98.70
2026-09-26 15:15:18,pc2,rfsim5g-end-ue-2,1.05,50.70
2026-09-26 15:15:18,pc2,rfsim5g-end-ue-3,1.05,103.00
2026-09-26 15:15:18,pc2,rfsim5g-end-ue-4,2.10,65.20
2026-09-26 15:15:18,pc2,rfsim5g-end-ue-5,2.10,96.80
2026-09-26 15:15:18,pc2,rfsim5g-end-ue-6,2.10,50.70
2026-09-26 15:15:18,pc2,rfsim5g-end-ue-7,3.15,102.00
2026-09-26 15:15:18,pc2,rfsim5g-end-ue-8,3.15,54.30
2026-09-26 15:15:23,pc2,rfsim5g-end-ue-1,0.00,48.50
2026-09-26 15:15:23,pc2,rfsim5g-end-ue-2,1.05,39.80
2026-09-26 15:15:23,pc2,rfsim5g-end-ue-3,0.00,110.00
2026-09-26 15:15:23,pc2,rfsim5g-end-ue-4,2.10,66.20
2026-09-26 15:15:23,pc2,rfsim5g-end-ue-5,2.10,104.00
2026-09-26 15:15:23,pc2,rfsim5g-end-ue-6,,120.00
2026-09-26 15:15:23,pc2,rfsim5g-end-ue-7,3.15,143.00
2026-09-26 15:15:23,pc2,rfsim5g-end-ue-8,3.15,130.00
2026-09-26 15:15:28,pc2,rfsim5g-end-ue-1,1.05,110.00
2026-09-26 15:15:28,pc2,rfsim5g-end-ue-2,0.00,102.00
2026-09-26 15:15:28,pc2,rfsim5g-end-ue-3,0.00,96.60
2026-09-26 15:15:28,pc2,rfsim5g-end-ue-4,2.10,60.60
2026-09-26 15:15:28,pc2,rfsim5g-end-ue-5,2.10,72.40
2026-09-26 15:15:28,pc2,rfsim5g-end-ue-6,2.10,130.00
2026-09-26 15:15:28,pc2,rfsim5g-end-ue-7,4.20,126.00
2026-09-26 15:15:28,pc2,rfsim5g-end-ue-8,3.15,75.50
2026-09-26 15:15:33,pc2,rfsim5g-end-ue-1,1.05,86.90
2026-09-26 15:15:33,pc2,rfsim5g-end-ue-2,1.05,91.20
2026-09-26 15:15:33,pc2,rfsim5g-end-ue-3,1.05,84.90
2026-09-26 15:15:33,pc2,rfsim5g-end-ue-4,2.10,63.90
2026-09-26 15:15:33,pc2,rfsim5g-end-ue-5,2.10,58.90
2026-09-26 15:15:33,pc2,rfsim5g-end-ue-6,2.10,59.30
2026-09-26 15:15:33,pc2,rfsim5g-end-ue-7,3.15,48.60
2026-09-26 15:15:33,pc2,rfsim5g-end-ue-8,3.15,50.80
2026-09-26 15:15:39,pc2,rfsim5g-end-ue-1,1.05,95.00
2026-09-26 15:15:39,pc2,rfsim5g-end-ue-2,1.05,70.40
2026-09-26 15:15:39,pc2,rfsim5g-end-ue-3,1.05,90.10
2026-09-26 15:15:39,pc2,rfsim5g-end-ue-4,2.10,66.90
2026-09-26 15:15:39,pc2,rfsim5g-end-ue-5,2.10,63.70
2026-09-26 15:15:39,pc2,rfsim5g-end-ue-6,1.05,57.20
2026-09-26 15:15:39,pc2,rfsim5g-end-ue-7,3.15,35.90
2026-09-26 15:15:39,pc2,rfsim5g-end-ue-8,3.15,63.40
2026-09-26 15:15:44,pc2,rfsim5g-end-ue-1,0.00,88.70
2026-09-26 15:15:44,pc2,rfsim5g-end-ue-2,1.05,81.70
2026-09-26 15:15:44,pc2,rfsim5g-end-ue-3,1.05,44.70
2026-09-26 15:15:44,pc2,rfsim5g-end-ue-4,2.10,57.80
2026-09-26 15:15:44,pc2,rfsim5g-end-ue-5,2.10,60.20
2026-09-26 15:15:44,pc2,rfsim5g-end-ue-6,2.10,85.10
2026-09-26 15:15:44,pc2,rfsim5g-end-ue-7,3.14,51.90
2026-09-26 15:15:44,pc2,rfsim5g-end-ue-8,3.15,61.20
2026-09-26 15:15:49,pc2,rfsim5g-end-ue-1,0.00,88.80
2026-09-26 15:15:49,pc2,rfsim5g-end-ue-2,0.00,18.80
2026-09-26 15:15:49,pc2,rfsim5g-end-ue-3,0.00,84.50
2026-09-26 15:15:49,pc2,rfsim5g-end-ue-4,2.10,50.70
2026-09-26 15:15:49,pc2,rfsim5g-end-ue-5,2.10,65.90
2026-09-26 15:15:49,pc2,rfsim5g-end-ue-6,2.09,64.50
2026-09-26 15:15:49,pc2,rfsim5g-end-ue-7,2.10,28.90
2026-09-26 15:15:49,pc2,rfsim5g-end-ue-8,3.15,28.40
2026-09-26 15:15:54,pc2,rfsim5g-end-ue-1,1.05,83.30
2026-09-26 15:15:54,pc2,rfsim5g-end-ue-2,1.05,89.40
2026-09-26 15:15:54,pc2,rfsim5g-end-ue-3,1.05,83.50
2026-09-26 15:15:54,pc2,rfsim5g-end-ue-4,2.10,25.40
2026-09-26 15:15:54,pc2,rfsim5g-end-ue-5,2.10,61.10
2026-09-26 15:15:54,pc2,rfsim5g-end-ue-6,2.10,70.20
2026-09-26 15:15:54,pc2,rfsim5g-end-ue-7,3.15,32.00
2026-09-26 15:15:54,pc2,rfsim5g-end-ue-8,3.15,31.10
2026-09-26 15:16:00,pc2,rfsim5g-end-ue-1,1.05,83.70
2026-09-26 15:16:00,pc2,rfsim5g-end-ue-2,1.05,92.60
2026-09-26 15:16:00,pc2,rfsim5g-end-ue-3,1.05,90.70
2026-09-26 15:16:00,pc2,rfsim5g-end-ue-4,2.10,49.30
2026-09-26 15:16:00,pc2,rfsim5g-end-ue-5,2.10,65.30
2026-09-26 15:16:00,pc2,rfsim5g-end-ue-6,2.10,65.90
2026-09-26 15:16:00,pc2,rfsim5g-end-ue-7,3.15,62.60
2026-09-26 15:16:00,pc2,rfsim5g-end-ue-8,3.14,21.70
2026-09-26 15:16:05,pc2,rfsim5g-end-ue-1,0.00,83.90
2026-09-26 15:16:05,pc2,rfsim5g-end-ue-2,1.05,86.20
2026-09-26 15:16:05,pc2,rfsim5g-end-ue-3,1.05,90.50
2026-09-26 15:16:05,pc2,rfsim5g-end-ue-4,2.10,61.70
2026-09-26 15:16:05,pc2,rfsim5g-end-ue-5,2.10,72.80
2026-09-26 15:16:05,pc2,rfsim5g-end-ue-6,2.10,62.40
2026-09-26 15:16:05,pc2,rfsim5g-end-ue-7,2.10,61.20
2026-09-26 15:16:05,pc2,rfsim5g-end-ue-8,3.15,27.80
2026-09-26 15:16:10,pc2,rfsim5g-end-ue-1,0.00,84.30
2026-09-26 15:16:10,pc2,rfsim5g-end-ue-2,0.00,29.10
2026-09-26 15:16:10,pc2,rfsim5g-end-ue-3,0.00,89.40
2026-09-26 15:16:10,pc2,rfsim5g-end-ue-4,2.10,72.40
2026-09-26 15:16:10,pc2,rfsim5g-end-ue-5,1.05,63.40
2026-09-26 15:16:10,pc2,rfsim5g-end-ue-6,2.09,70.60
2026-09-26 15:16:10,pc2,rfsim5g-end-ue-7,3.15,61.50
2026-09-26 15:16:10,pc2,rfsim5g-end-ue-8,3.14,67.30
2026-09-26 15:16:15,pc2,rfsim5g-end-ue-1,1.05,87.10
2026-09-26 15:16:15,pc2,rfsim5g-end-ue-2,1.05,24.80
2026-09-26 15:16:15,pc2,rfsim5g-end-ue-3,0.00,98.70
2026-09-26 15:16:15,pc2,rfsim5g-end-ue-4,2.10,57.30
2026-09-26 15:16:15,pc2,rfsim5g-end-ue-5,2.10,83.60
2026-09-26 15:16:15,pc2,rfsim5g-end-ue-6,2.10,55.00
2026-09-26 15:16:15,pc2,rfsim5g-end-ue-7,3.15,44.20
2026-09-26 15:16:15,pc2,rfsim5g-end-ue-8,3.14,61.30
2026-09-26 15:16:21,pc2,rfsim5g-end-ue-1,1.05,87.70
2026-09-26 15:16:21,pc2,rfsim5g-end-ue-2,1.05,24.90
2026-09-26 15:16:21,pc2,rfsim5g-end-ue-3,1.05,103.00
2026-09-26 15:16:21,pc2,rfsim5g-end-ue-4,1.05,65.30
2026-09-26 15:16:21,pc2,rfsim5g-end-ue-5,1.05,55.60
2026-09-26 15:16:21,pc2,rfsim5g-end-ue-6,2.10,61.40
2026-09-26 15:16:21,pc2,rfsim5g-end-ue-7,3.15,28.90
2026-09-26 15:16:21,pc2,rfsim5g-end-ue-8,3.15,56.10
2026-09-26 15:16:26,pc2,rfsim5g-end-ue-1,0.00,88.10
2026-09-26 15:16:26,pc2,rfsim5g-end-ue-2,1.05,104.00
2026-09-26 15:16:26,pc2,rfsim5g-end-ue-3,1.05,78.10
2026-09-26 15:16:26,pc2,rfsim5g-end-ue-4,2.10,75.40
2026-09-26 15:16:26,pc2,rfsim5g-end-ue-5,2.10,63.70
2026-09-26 15:16:26,pc2,rfsim5g-end-ue-6,2.10,62.70
2026-09-26 15:16:26,pc2,rfsim5g-end-ue-7,4.20,30.80
2026-09-26 15:16:26,pc2,rfsim5g-end-ue-8,3.15,67.60
2026-09-26 15:16:31,pc2,rfsim5g-end-ue-1,0.00,89.00
2026-09-26 15:16:31,pc2,rfsim5g-end-ue-2,0.00,80.60
2026-09-26 15:16:31,pc2,rfsim5g-end-ue-3,1.05,86.70
2026-09-26 15:16:31,pc2,rfsim5g-end-ue-4,2.10,55.50
2026-09-26 15:16:31,pc2,rfsim5g-end-ue-5,2.09,83.60
2026-09-26 15:16:31,pc2,rfsim5g-end-ue-6,2.10,58.80
2026-09-26 15:16:31,pc2,rfsim5g-end-ue-7,3.15,57.40
2026-09-26 15:16:31,pc2,rfsim5g-end-ue-8,4.19,61.30
2026-09-26 15:16:36,pc2,rfsim5g-end-ue-1,1.05,89.30
2026-09-26 15:16:36,pc2,rfsim5g-end-ue-2,0.00,39.40
2026-09-26 15:16:36,pc2,rfsim5g-end-ue-3,1.05,27.30
2026-09-26 15:16:36,pc2,rfsim5g-end-ue-4,2.10,57.50
2026-09-26 15:16:36,pc2,rfsim5g-end-ue-5,2.10,67.00
2026-09-26 15:16:36,pc2,rfsim5g-end-ue-6,2.10,61.30
2026-09-26 15:16:36,pc2,rfsim5g-end-ue-7,3.15,32.00
2026-09-26 15:16:36,pc2,rfsim5g-end-ue-8,3.14,23.00
2026-09-26 15:16:42,pc2,rfsim5g-end-ue-1,1.05,83.60
2026-09-26 15:16:42,pc2,rfsim5g-end-ue-2,1.05,21.40
2026-09-26 15:16:42,pc2,rfsim5g-end-ue-3,1.04,108.00
2026-09-26 15:16:42,pc2,rfsim5g-end-ue-4,1.05,59.50
2026-09-26 15:16:42,pc2,rfsim5g-end-ue-5,1.04,59.80
2026-09-26 15:16:42,pc2,rfsim5g-end-ue-6,2.10,59.50
2026-09-26 15:16:42,pc2,rfsim5g-end-ue-7,3.15,55.30
2026-09-26 15:16:42,pc2,rfsim5g-end-ue-8,3.15,41.70
2026-09-26 15:16:47,pc2,rfsim5g-end-ue-1,0.00,123.00
2026-09-26 15:16:47,pc2,rfsim5g-end-ue-2,1.05,98.90
2026-09-26 15:16:47,pc2,rfsim5g-end-ue-3,,82.90
2026-09-26 15:16:47,pc2,rfsim5g-end-ue-4,2.10,55.00
2026-09-26 15:16:47,pc2,rfsim5g-end-ue-5,2.10,411.00
2026-09-26 15:16:47,pc2,rfsim5g-end-ue-6,2.10,116.00
2026-09-26 15:16:47,pc2,rfsim5g-end-ue-7,3.15,60.40
2026-09-26 15:16:47,pc2,rfsim5g-end-ue-8,3.15,61.50
2026-09-26 15:16:53,pc2,rfsim5g-end-ue-1,0.00,97.40
2026-09-26 15:16:53,pc2,rfsim5g-end-ue-2,0.00,91.30
2026-09-26 15:16:53,pc2,rfsim5g-end-ue-3,2.08,58.70
2026-09-26 15:16:53,pc2,rfsim5g-end-ue-4,1.05,72.70
2026-09-26 15:16:53,pc2,rfsim5g-end-ue-5,2.08,204.00
2026-09-26 15:16:53,pc2,rfsim5g-end-ue-6,3.12,55.20
2026-09-26 15:16:53,pc2,rfsim5g-end-ue-7,3.15,76.90
2026-09-26 15:16:53,pc2,rfsim5g-end-ue-8,3.13,272.00
2026-09-26 15:16:58,pc2,rfsim5g-end-ue-1,1.05,81.30
2026-09-26 15:16:58,pc2,rfsim5g-end-ue-2,1.05,86.30
2026-09-26 15:16:58,pc2,rfsim5g-end-ue-3,2.10,71.60
2026-09-26 15:16:58,pc2,rfsim5g-end-ue-4,2.10,62.50
2026-09-26 15:16:58,pc2,rfsim5g-end-ue-5,1.05,745.00
2026-09-26 15:16:58,pc2,rfsim5g-end-ue-6,4.20,38.30
2026-09-26 15:16:58,pc2,rfsim5g-end-ue-7,3.15,57.10
2026-09-26 15:16:58,pc2,rfsim5g-end-ue-8,1.05,
2026-09-26 15:17:04,pc2,rfsim5g-end-ue-1,0.00,89.00
2026-09-26 15:17:04,pc2,rfsim5g-end-ue-2,1.05,72.40
2026-09-26 15:17:04,pc2,rfsim5g-end-ue-3,2.10,64.30
2026-09-26 15:17:04,pc2,rfsim5g-end-ue-4,2.10,65.90
2026-09-26 15:17:04,pc2,rfsim5g-end-ue-5,2.10,57.50
2026-09-26 15:17:04,pc2,rfsim5g-end-ue-6,3.15,45.70
2026-09-26 15:17:04,pc2,rfsim5g-end-ue-7,3.14,37.70
2026-09-26 15:17:04,pc2,rfsim5g-end-ue-8,4.20,25.80
2026-09-26 15:17:09,pc2,rfsim5g-end-ue-1,0.00,73.50
2026-09-26 15:17:09,pc2,rfsim5g-end-ue-2,0.00,83.60
2026-09-26 15:17:09,pc2,rfsim5g-end-ue-3,2.10,66.40
2026-09-26 15:17:09,pc2,rfsim5g-end-ue-4,2.10,67.40
2026-09-26 15:17:09,pc2,rfsim5g-end-ue-5,2.10,67.40
2026-09-26 15:17:09,pc2,rfsim5g-end-ue-6,3.15,80.80
2026-09-26 15:17:09,pc2,rfsim5g-end-ue-7,3.15,64.80
2026-09-26 15:17:09,pc2,rfsim5g-end-ue-8,3.14,60.90
2026-09-26 15:17:15,pc2,rfsim5g-end-ue-1,1.05,83.90
2026-09-26 15:17:15,pc2,rfsim5g-end-ue-2,1.06,81.90
2026-09-26 15:17:15,pc2,rfsim5g-end-ue-3,2.10,61.80
2026-09-26 15:17:15,pc2,rfsim5g-end-ue-4,2.10,79.50
2026-09-26 15:17:15,pc2,rfsim5g-end-ue-5,2.09,51.60
2026-09-26 15:17:15,pc2,rfsim5g-end-ue-6,3.13,65.40
2026-09-26 15:17:15,pc2,rfsim5g-end-ue-7,3.15,61.70
2026-09-26 15:17:15,pc2,rfsim5g-end-ue-8,2.08,53.10
2026-09-26 15:17:20,pc2,rfsim5g-end-ue-1,1.05,81.00
2026-09-26 15:17:20,pc2,rfsim5g-end-ue-2,1.05,82.00
2026-09-26 15:17:20,pc2,rfsim5g-end-ue-3,2.10,58.70
2026-09-26 15:17:20,pc2,rfsim5g-end-ue-4,2.10,76.50
2026-09-26 15:17:20,pc2,rfsim5g-end-ue-5,2.10,53.70
2026-09-26 15:17:20,pc2,rfsim5g-end-ue-6,3.15,45.90
2026-09-26 15:17:20,pc2,rfsim5g-end-ue-7,3.15,65.10
2026-09-26 15:17:20,pc2,rfsim5g-end-ue-8,3.15,43.10
2026-09-26 15:17:25,pc2,rfsim5g-end-ue-1,0.00,110.00
2026-09-26 15:17:25,pc2,rfsim5g-end-ue-2,1.05,90.70
2026-09-26 15:17:25,pc2,rfsim5g-end-ue-3,2.10,60.80
2026-09-26 15:17:25,pc2,rfsim5g-end-ue-4,2.10,64.60
2026-09-26 15:17:25,pc2,rfsim5g-end-ue-5,2.10,88.20
2026-09-26 15:17:25,pc2,rfsim5g-end-ue-6,3.15,39.40
2026-09-26 15:17:25,pc2,rfsim5g-end-ue-7,3.15,83.40
2026-09-26 15:17:25,pc2,rfsim5g-end-ue-8,3.15,35.00
2026-09-26 15:17:31,pc2,rfsim5g-end-ue-1,0.00,61.50
2026-09-26 15:17:31,pc2,rfsim5g-end-ue-2,1.05,82.70
2026-09-26 15:17:31,pc2,rfsim5g-end-ue-3,2.10,66.50
2026-09-26 15:17:31,pc2,rfsim5g-end-ue-4,2.10,42.30
2026-09-26 15:17:31,pc2,rfsim5g-end-ue-5,2.10,89.50
2026-09-26 15:17:31,pc2,rfsim5g-end-ue-6,3.14,26.40
2026-09-26 15:17:31,pc2,rfsim5g-end-ue-7,3.15,26.10
2026-09-26 15:17:31,pc2,rfsim5g-end-ue-8,3.15,33.50
2026-09-26 15:17:36,pc2,rfsim5g-end-ue-1,1.05,92.00
2026-09-26 15:17:36,pc2,rfsim5g-end-ue-2,1.05,83.10
2026-09-26 15:17:36,pc2,rfsim5g-end-ue-3,2.10,68.10
2026-09-26 15:17:36,pc2,rfsim5g-end-ue-4,2.10,62.20
2026-09-26 15:17:36,pc2,rfsim5g-end-ue-5,2.10,64.60
2026-09-26 15:17:36,pc2,rfsim5g-end-ue-6,3.15,48.80
2026-09-26 15:17:36,pc2,rfsim5g-end-ue-7,3.15,74.10
2026-09-26 15:17:36,pc2,rfsim5g-end-ue-8,3.14,88.30
2026-09-26 15:17:41,pc2,rfsim5g-end-ue-1,1.05,80.00
2026-09-26 15:17:41,pc2,rfsim5g-end-ue-2,1.05,86.20
2026-09-26 15:17:41,pc2,rfsim5g-end-ue-3,2.10,68.40
2026-09-26 15:17:41,pc2,rfsim5g-end-ue-4,2.10,24.70
2026-09-26 15:17:41,pc2,rfsim5g-end-ue-5,2.10,107.00
2026-09-26 15:17:41,pc2,rfsim5g-end-ue-6,3.14,113.00
2026-09-26 15:17:41,pc2,rfsim5g-end-ue-7,2.10,113.00
2026-09-26 15:17:41,pc2,rfsim5g-end-ue-8,3.15,151.00
2026-09-26 15:17:46,pc2,rfsim5g-end-ue-1,1.05,73.30
2026-09-26 15:17:46,pc2,rfsim5g-end-ue-2,1.05,111.00
2026-09-26 15:17:46,pc2,rfsim5g-end-ue-3,2.10,57.00
2026-09-26 15:17:46,pc2,rfsim5g-end-ue-4,1.04,56.90
2026-09-26 15:17:46,pc2,rfsim5g-end-ue-5,2.10,61.50
2026-09-26 15:17:46,pc2,rfsim5g-end-ue-6,3.15,38.80
2026-09-26 15:17:46,pc2,rfsim5g-end-ue-7,3.14,68.50
2026-09-26 15:17:46,pc2,rfsim5g-end-ue-8,3.15,90.00
2026-09-26 15:17:51,pc2,rfsim5g-end-ue-1,0.00,94.80
2026-09-26 15:17:51,pc2,rfsim5g-end-ue-2,0.00,93.60
2026-09-26 15:17:51,pc2,rfsim5g-end-ue-3,2.10,61.80
2026-09-26 15:17:51,pc2,rfsim5g-end-ue-4,2.10,62.40
2026-09-26 15:17:51,pc2,rfsim5g-end-ue-5,2.10,72.90
2026-09-26 15:17:51,pc2,rfsim5g-end-ue-6,3.15,100.00
2026-09-26 15:17:51,pc2,rfsim5g-end-ue-7,3.15,86.20
2026-09-26 15:17:51,pc2,rfsim5g-end-ue-8,3.15,145.00
2026-09-26 15:17:57,pc2,rfsim5g-end-ue-1,1.05,111.00
2026-09-26 15:17:57,pc2,rfsim5g-end-ue-2,0.00,86.20
2026-09-26 15:17:57,pc2,rfsim5g-end-ue-3,2.10,57.40
2026-09-26 15:17:57,pc2,rfsim5g-end-ue-4,1.05,58.70
2026-09-26 15:17:57,pc2,rfsim5g-end-ue-5,2.10,67.20
2026-09-26 15:17:57,pc2,rfsim5g-end-ue-6,3.14,58.50
2026-09-26 15:17:57,pc2,rfsim5g-end-ue-7,3.14,65.60
2026-09-26 15:17:57,pc2,rfsim5g-end-ue-8,3.15,119.00
2026-09-26 15:18:02,pc2,rfsim5g-end-ue-1,1.05,88.80
2026-09-26 15:18:02,pc2,rfsim5g-end-ue-2,1.05,83.20
2026-09-26 15:18:02,pc2,rfsim5g-end-ue-3,2.10,58.10
2026-09-26 15:18:02,pc2,rfsim5g-end-ue-4,2.09,82.30
2026-09-26 15:18:02,pc2,rfsim5g-end-ue-5,2.09,68.00
2026-09-26 15:18:02,pc2,rfsim5g-end-ue-6,3.15,67.90
2026-09-26 15:18:02,pc2,rfsim5g-end-ue-7,4.19,67.90
2026-09-26 15:18:02,pc2,rfsim5g-end-ue-8,3.14,119.00
2026-09-26 15:18:07,pc2,rfsim5g-end-ue-1,1.05,104.00
2026-09-26 15:18:07,pc2,rfsim5g-end-ue-2,1.05,92.70
2026-09-26 15:18:07,pc2,rfsim5g-end-ue-3,2.10,66.80
2026-09-26 15:18:07,pc2,rfsim5g-end-ue-4,1.05,66.40
2026-09-26 15:18:07,pc2,rfsim5g-end-ue-5,2.10,75.00
2026-09-26 15:18:07,pc2,rfsim5g-end-ue-6,3.15,51.10
2026-09-26 15:18:07,pc2,rfsim5g-end-ue-7,4.20,65.20
2026-09-26 15:18:07,pc2,rfsim5g-end-ue-8,3.15,116.00
2026-09-26 15:18:12,pc2,rfsim5g-end-ue-1,0.00,83.20
2026-09-26 15:18:12,pc2,rfsim5g-end-ue-2,0.00,109.00
2026-09-26 15:18:12,pc2,rfsim5g-end-ue-3,2.10,66.30
2026-09-26 15:18:12,pc2,rfsim5g-end-ue-4,2.10,61.00
2026-09-26 15:18:12,pc2,rfsim5g-end-ue-5,1.05,48.20
2026-09-26 15:18:12,pc2,rfsim5g-end-ue-6,3.15,66.00
2026-09-26 15:18:12,pc2,rfsim5g-end-ue-7,3.15,59.00
2026-09-26 15:18:12,pc2,rfsim5g-end-ue-8,3.14,93.20
2026-09-26 15:18:18,pc2,rfsim5g-end-ue-1,1.05,75.60
2026-09-26 15:18:18,pc2,rfsim5g-end-ue-2,0.00,88.40
2026-09-26 15:18:18,pc2,rfsim5g-end-ue-3,2.10,67.10
2026-09-26 15:18:18,pc2,rfsim5g-end-ue-4,1.05,52.40
2026-09-26 15:18:18,pc2,rfsim5g-end-ue-5,2.10,62.00
2026-09-26 15:18:18,pc2,rfsim5g-end-ue-6,4.20,61.10
2026-09-26 15:18:18,pc2,rfsim5g-end-ue-7,3.15,69.60
2026-09-26 15:18:18,pc2,rfsim5g-end-ue-8,3.14,134.00
2026-09-26 15:18:23,pc2,rfsim5g-end-ue-1,1.05,81.10
2026-09-26 15:18:23,pc2,rfsim5g-end-ue-2,1.05,82.60
2026-09-26 15:18:23,pc2,rfsim5g-end-ue-3,2.10,65.70
2026-09-26 15:18:23,pc2,rfsim5g-end-ue-4,2.10,61.20
2026-09-26 15:18:23,pc2,rfsim5g-end-ue-5,2.10,55.60
2026-09-26 15:18:23,pc2,rfsim5g-end-ue-6,3.15,28.20
2026-09-26 15:18:23,pc2,rfsim5g-end-ue-7,3.15,36.00
2026-09-26 15:18:23,pc2,rfsim5g-end-ue-8,3.14,76.40
2026-09-26 15:18:28,pc2,rfsim5g-end-ue-1,1.05,90.40
2026-09-26 15:18:28,pc2,rfsim5g-end-ue-2,1.05,83.00
2026-09-26 15:18:28,pc2,rfsim5g-end-ue-3,2.10,63.00
2026-09-26 15:18:28,pc2,rfsim5g-end-ue-4,2.10,26.50
2026-09-26 15:18:28,pc2,rfsim5g-end-ue-5,2.09,62.50
2026-09-26 15:18:28,pc2,rfsim5g-end-ue-6,3.14,29.90
2026-09-26 15:18:28,pc2,rfsim5g-end-ue-7,3.14,76.00
2026-09-26 15:18:28,pc2,rfsim5g-end-ue-8,2.10,86.90
2026-09-26 15:18:33,pc2,rfsim5g-end-ue-1,0.00,59.00
2026-09-26 15:18:33,pc2,rfsim5g-end-ue-2,0.00,74.10
2026-09-26 15:18:33,pc2,rfsim5g-end-ue-3,2.10,57.60
2026-09-26 15:18:33,pc2,rfsim5g-end-ue-4,2.10,57.60
2026-09-26 15:18:33,pc2,rfsim5g-end-ue-5,1.05,53.00
2026-09-26 15:18:33,pc2,rfsim5g-end-ue-6,4.20,67.60
2026-09-26 15:18:33,pc2,rfsim5g-end-ue-7,3.15,62.80
2026-09-26 15:18:33,pc2,rfsim5g-end-ue-8,3.15,103.00
2026-09-26 15:18:39,pc2,rfsim5g-end-ue-1,1.05,45.20
2026-09-26 15:18:39,pc2,rfsim5g-end-ue-2,0.00,106.00
2026-09-26 15:18:39,pc2,rfsim5g-end-ue-3,2.10,63.00
2026-09-26 15:18:39,pc2,rfsim5g-end-ue-4,2.10,62.80
2026-09-26 15:18:39,pc2,rfsim5g-end-ue-5,2.10,80.60
2026-09-26 15:18:39,pc2,rfsim5g-end-ue-6,4.21,79.30
2026-09-26 15:18:39,pc2,rfsim5g-end-ue-7,3.15,72.30
2026-09-26 15:18:39,pc2,rfsim5g-end-ue-8,3.15,108.00
2026-09-26 15:18:44,pc2,rfsim5g-end-ue-1,1.05,74.70
2026-09-26 15:18:44,pc2,rfsim5g-end-ue-2,1.05,92.60
2026-09-26 15:18:44,pc2,rfsim5g-end-ue-3,2.10,63.30
2026-09-26 15:18:44,pc2,rfsim5g-end-ue-4,2.10,63.30
2026-09-26 15:18:44,pc2,rfsim5g-end-ue-5,2.10,76.30
2026-09-26 15:18:44,pc2,rfsim5g-end-ue-6,3.15,69.80
2026-09-26 15:18:44,pc2,rfsim5g-end-ue-7,3.15,92.20
2026-09-26 15:18:44,pc2,rfsim5g-end-ue-8,3.15,127.00
2026-09-26 15:18:49,pc2,rfsim5g-end-ue-1,1.05,81.80
2026-09-26 15:18:49,pc2,rfsim5g-end-ue-2,1.05,83.80
2026-09-26 15:18:49,pc2,rfsim5g-end-ue-3,2.10,63.70
2026-09-26 15:18:49,pc2,rfsim5g-end-ue-4,2.10,82.20
2026-09-26 15:18:49,pc2,rfsim5g-end-ue-5,2.10,45.10
2026-09-26 15:18:49,pc2,rfsim5g-end-ue-6,3.15,66.00
2026-09-26 15:18:49,pc2,rfsim5g-end-ue-7,3.15,79.50
2026-09-26 15:18:49,pc2,rfsim5g-end-ue-8,3.14,104.00
2026-09-26 15:18:54,pc2,rfsim5g-end-ue-1,0.00,92.00
2026-09-26 15:18:54,pc2,rfsim5g-end-ue-2,1.05,99.90
2026-09-26 15:18:54,pc2,rfsim5g-end-ue-3,2.10,57.20
2026-09-26 15:18:54,pc2,rfsim5g-end-ue-4,2.10,62.70
2026-09-26 15:18:54,pc2,rfsim5g-end-ue-5,1.05,61.80
2026-09-26 15:18:54,pc2,rfsim5g-end-ue-6,3.15,54.40
2026-09-26 15:18:54,pc2,rfsim5g-end-ue-7,3.15,68.20
2026-09-26 15:18:54,pc2,rfsim5g-end-ue-8,3.15,98.40
2026-09-26 15:19:00,pc2,rfsim5g-end-ue-1,1.05,104.00
2026-09-26 15:19:00,pc2,rfsim5g-end-ue-2,,90.70
2026-09-26 15:19:00,pc2,rfsim5g-end-ue-3,2.10,86.20
2026-09-26 15:19:00,pc2,rfsim5g-end-ue-4,2.10,86.30
2026-09-26 15:19:00,pc2,rfsim5g-end-ue-5,2.10,88.60
2026-09-26 15:19:00,pc2,rfsim5g-end-ue-6,3.15,89.80
2026-09-26 15:19:00,pc2,rfsim5g-end-ue-7,3.15,110.00
2026-09-26 15:19:00,pc2,rfsim5g-end-ue-8,3.15,34.30
2026-09-26 15:19:05,pc2,rfsim5g-end-ue-1,1.05,116.00
2026-09-26 15:19:05,pc2,rfsim5g-end-ue-2,2.11,53.90
2026-09-26 15:19:05,pc2,rfsim5g-end-ue-3,1.05,58.40
2026-09-26 15:19:05,pc2,rfsim5g-end-ue-4,2.10,257.00
2026-09-26 15:19:05,pc2,rfsim5g-end-ue-5,3.15,56.20
2026-09-26 15:19:05,pc2,rfsim5g-end-ue-6,3.15,69.80
2026-09-26 15:19:05,pc2,rfsim5g-end-ue-7,3.14,182.00
2026-09-26 15:19:05,pc2,rfsim5g-end-ue-8,0.00,58.00
2026-09-26 15:19:10,pc2,rfsim5g-end-ue-1,0.00,93.50
2026-09-26 15:19:10,pc2,rfsim5g-end-ue-2,1.05,91.20
2026-09-26 15:19:10,pc2,rfsim5g-end-ue-3,2.10,52.70
2026-09-26 15:19:10,pc2,rfsim5g-end-ue-4,1.06,
2026-09-26 15:19:10,pc2,rfsim5g-end-ue-5,3.15,126.00
2026-09-26 15:19:10,pc2,rfsim5g-end-ue-6,3.14,96.30
2026-09-26 15:19:10,pc2,rfsim5g-end-ue-7,1.05,
2026-09-26 15:19:10,pc2,rfsim5g-end-ue-8,1.05,89.80
2026-09-26 15:19:17,pc2,rfsim5g-end-ue-1,1.05,78.70
2026-09-26 15:19:17,pc2,rfsim5g-end-ue-2,2.10,61.30
2026-09-26 15:19:17,pc2,rfsim5g-end-ue-3,2.10,56.40
2026-09-26 15:19:17,pc2,rfsim5g-end-ue-4,2.10,56.90
2026-09-26 15:19:17,pc2,rfsim5g-end-ue-5,3.13,95.10
2026-09-26 15:19:17,pc2,rfsim5g-end-ue-6,3.14,102.00
2026-09-26 15:19:17,pc2,rfsim5g-end-ue-7,3.15,184.00
2026-09-26 15:19:17,pc2,rfsim5g-end-ue-8,1.05,50.00
2026-09-26 15:19:22,pc2,rfsim5g-end-ue-1,1.05,86.60
2026-09-26 15:19:22,pc2,rfsim5g-end-ue-2,2.10,71.70
2026-09-26 15:19:22,pc2,rfsim5g-end-ue-3,2.10,57.30
2026-09-26 15:19:22,pc2,rfsim5g-end-ue-4,2.10,89.20
2026-09-26 15:19:22,pc2,rfsim5g-end-ue-5,3.14,78.70
2026-09-26 15:19:22,pc2,rfsim5g-end-ue-6,3.15,90.90
2026-09-26 15:19:22,pc2,rfsim5g-end-ue-7,3.16,90.60
2026-09-26 15:19:22,pc2,rfsim5g-end-ue-8,1.05,85.00
2026-09-26 15:19:27,pc2,rfsim5g-end-ue-1,1.05,91.70
2026-09-26 15:19:27,pc2,rfsim5g-end-ue-2,2.10,62.50
2026-09-26 15:19:27,pc2,rfsim5g-end-ue-3,2.11,32.60
2026-09-26 15:19:27,pc2,rfsim5g-end-ue-4,2.10,57.40
2026-09-26 15:19:27,pc2,rfsim5g-end-ue-5,4.19,67.50
2026-09-26 15:19:27,pc2,rfsim5g-end-ue-6,4.19,97.80
2026-09-26 15:19:27,pc2,rfsim5g-end-ue-7,3.15,160.00
2026-09-26 15:19:27,pc2,rfsim5g-end-ue-8,1.05,111.00
2026-09-26 15:19:32,pc2,rfsim5g-end-ue-1,0.00,37.00
2026-09-26 15:19:32,pc2,rfsim5g-end-ue-2,1.05,64.90
2026-09-26 15:19:32,pc2,rfsim5g-end-ue-3,2.10,56.80
2026-09-26 15:19:32,pc2,rfsim5g-end-ue-4,1.05,27.50
2026-09-26 15:19:32,pc2,rfsim5g-end-ue-5,3.15,77.30
2026-09-26 15:19:32,pc2,rfsim5g-end-ue-6,3.14,80.40
2026-09-26 15:19:32,pc2,rfsim5g-end-ue-7,3.15,129.00
2026-09-26 15:19:32,pc2,rfsim5g-end-ue-8,1.05,67.10
2026-09-26 15:19:38,pc2,rfsim5g-end-ue-1,1.05,93.00
2026-09-26 15:19:38,pc2,rfsim5g-end-ue-2,2.10,67.50
2026-09-26 15:19:38,pc2,rfsim5g-end-ue-3,2.10,29.90
2026-09-26 15:19:38,pc2,rfsim5g-end-ue-4,2.10,85.10
2026-09-26 15:19:38,pc2,rfsim5g-end-ue-5,3.15,76.40
2026-09-26 15:19:38,pc2,rfsim5g-end-ue-6,3.15,76.60
2026-09-26 15:19:38,pc2,rfsim5g-end-ue-7,3.15,181.00
2026-09-26 15:19:38,pc2,rfsim5g-end-ue-8,1.05,83.80
2026-09-26 15:19:43,pc2,rfsim5g-end-ue-1,1.05,92.30
2026-09-26 15:19:43,pc2,rfsim5g-end-ue-2,1.05,67.90
2026-09-26 15:19:43,pc2,rfsim5g-end-ue-3,2.10,39.90
2026-09-26 15:19:43,pc2,rfsim5g-end-ue-4,2.10,86.30
2026-09-26 15:19:43,pc2,rfsim5g-end-ue-5,3.15,25.00
2026-09-26 15:19:43,pc2,rfsim5g-end-ue-6,3.14,69.70
2026-09-26 15:19:43,pc2,rfsim5g-end-ue-7,3.15,106.00
2026-09-26 15:19:43,pc2,rfsim5g-end-ue-8,1.05,76.20
2026-09-26 15:19:48,pc2,rfsim5g-end-ue-1,1.05,86.90
2026-09-26 15:19:48,pc2,rfsim5g-end-ue-2,2.10,48.20
2026-09-26 15:19:48,pc2,rfsim5g-end-ue-3,1.05,23.10
2026-09-26 15:19:48,pc2,rfsim5g-end-ue-4,,52.90
2026-09-26 15:19:48,pc2,rfsim5g-end-ue-5,3.15,60.70
2026-09-26 15:19:48,pc2,rfsim5g-end-ue-6,3.15,82.90
2026-09-26 15:19:48,pc2,rfsim5g-end-ue-7,3.15,96.40
2026-09-26 15:19:48,pc2,rfsim5g-end-ue-8,0.00,89.00
2026-09-26 15:19:53,pc2,rfsim5g-end-ue-1,1.05,91.00
2026-09-26 15:19:53,pc2,rfsim5g-end-ue-2,2.09,61.80
2026-09-26 15:19:53,pc2,rfsim5g-end-ue-3,2.10,63.50
2026-09-26 15:19:53,pc2,rfsim5g-end-ue-4,2.10,73.90
2026-09-26 15:19:53,pc2,rfsim5g-end-ue-5,3.14,66.80
2026-09-26 15:19:53,pc2,rfsim5g-end-ue-6,4.20,67.10
2026-09-26 15:19:53,pc2,rfsim5g-end-ue-7,3.15,72.60
2026-09-26 15:19:53,pc2,rfsim5g-end-ue-8,1.05,59.80
2026-09-26 15:19:58,pc2,rfsim5g-end-ue-1,0.00,100.00
2026-09-26 15:19:58,pc2,rfsim5g-end-ue-2,2.10,59.20
2026-09-26 15:19:58,pc2,rfsim5g-end-ue-3,2.10,59.80
2026-09-26 15:19:58,pc2,rfsim5g-end-ue-4,2.10,26.40
2026-09-26 15:19:58,pc2,rfsim5g-end-ue-5,3.15,65.00
2026-09-26 15:19:58,pc2,rfsim5g-end-ue-6,3.15,68.30
2026-09-26 15:19:58,pc2,rfsim5g-end-ue-7,3.14,81.60
2026-09-26 15:19:58,pc2,rfsim5g-end-ue-8,1.05,48.80
2026-09-26 15:20:04,pc2,rfsim5g-end-ue-1,1.05,123.00
2026-09-26 15:20:04,pc2,rfsim5g-end-ue-2,2.08,56.50
2026-09-26 15:20:04,pc2,rfsim5g-end-ue-3,2.05,62.90
2026-09-26 15:20:04,pc2,rfsim5g-end-ue-4,2.10,87.30
2026-09-26 15:20:04,pc2,rfsim5g-end-ue-5,3.15,102.00
2026-09-26 15:20:04,pc2,rfsim5g-end-ue-6,3.14,97.40
2026-09-26 15:20:04,pc2,rfsim5g-end-ue-7,3.15,84.60
2026-09-26 15:20:04,pc2,rfsim5g-end-ue-8,1.05,77.20
2026-09-26 15:20:09,pc2,rfsim5g-end-ue-1,1.05,99.90
2026-09-26 15:20:09,pc2,rfsim5g-end-ue-2,2.10,64.10
2026-09-26 15:20:09,pc2,rfsim5g-end-ue-3,1.05,59.60
2026-09-26 15:20:09,pc2,rfsim5g-end-ue-4,2.10,67.50
2026-09-26 15:20:09,pc2,rfsim5g-end-ue-5,3.15,102.00
2026-09-26 15:20:09,pc2,rfsim5g-end-ue-6,3.14,89.00
2026-09-26 15:20:09,pc2,rfsim5g-end-ue-7,3.15,91.30
2026-09-26 15:20:09,pc2,rfsim5g-end-ue-8,0.00,97.50
2026-09-26 15:20:14,pc2,rfsim5g-end-ue-1,1.04,87.50
2026-09-26 15:20:14,pc2,rfsim5g-end-ue-2,2.10,62.30
2026-09-26 15:20:14,pc2,rfsim5g-end-ue-3,2.10,62.10
2026-09-26 15:20:14,pc2,rfsim5g-end-ue-4,2.10,57.10
2026-09-26 15:20:14,pc2,rfsim5g-end-ue-5,3.14,65.80
2026-09-26 15:20:14,pc2,rfsim5g-end-ue-6,3.14,72.80
2026-09-26 15:20:14,pc2,rfsim5g-end-ue-7,3.15,102.00
2026-09-26 15:20:14,pc2,rfsim5g-end-ue-8,1.05,108.00
2026-09-26 15:20:19,pc2,rfsim5g-end-ue-1,0.00,114.00
2026-09-26 15:20:19,pc2,rfsim5g-end-ue-2,2.08,60.10
2026-09-26 15:20:19,pc2,rfsim5g-end-ue-3,1.05,67.00
2026-09-26 15:20:19,pc2,rfsim5g-end-ue-4,2.10,27.30
2026-09-26 15:20:19,pc2,rfsim5g-end-ue-5,3.15,117.00
2026-09-26 15:20:19,pc2,rfsim5g-end-ue-6,3.15,107.00
2026-09-26 15:20:19,pc2,rfsim5g-end-ue-7,3.15,103.00
2026-09-26 15:20:19,pc2,rfsim5g-end-ue-8,1.05,111.00
2026-09-26 15:20:25,pc2,rfsim5g-end-ue-1,1.05,80.70
2026-09-26 15:20:25,pc2,rfsim5g-end-ue-2,2.09,63.70
2026-09-26 15:20:25,pc2,rfsim5g-end-ue-3,2.10,62.40
2026-09-26 15:20:25,pc2,rfsim5g-end-ue-4,2.10,85.90
2026-09-26 15:20:25,pc2,rfsim5g-end-ue-5,3.15,62.10
2026-09-26 15:20:25,pc2,rfsim5g-end-ue-6,3.15,82.50
2026-09-26 15:20:25,pc2,rfsim5g-end-ue-7,3.14,71.30
2026-09-26 15:20:25,pc2,rfsim5g-end-ue-8,1.05,66.80
2026-09-26 15:20:30,pc2,rfsim5g-end-ue-1,1.05,94.20
2026-09-26 15:20:30,pc2,rfsim5g-end-ue-2,2.10,67.00
2026-09-26 15:20:30,pc2,rfsim5g-end-ue-3,2.10,74.70
2026-09-26 15:20:30,pc2,rfsim5g-end-ue-4,2.10,58.30
2026-09-26 15:20:30,pc2,rfsim5g-end-ue-5,3.15,164.00
2026-09-26 15:20:30,pc2,rfsim5g-end-ue-6,3.13,95.00
2026-09-26 15:20:30,pc2,rfsim5g-end-ue-7,3.15,45.80
2026-09-26 15:20:30,pc2,rfsim5g-end-ue-8,0.00,172.00
2026-09-26 15:20:35,pc2,rfsim5g-end-ue-1,1.05,82.00
2026-09-26 15:20:35,pc2,rfsim5g-end-ue-2,2.10,58.70
2026-09-26 15:20:35,pc2,rfsim5g-end-ue-3,2.09,52.90
2026-09-26 15:20:35,pc2,rfsim5g-end-ue-4,2.10,66.30
2026-09-26 15:20:35,pc2,rfsim5g-end-ue-5,3.15,96.80
2026-09-26 15:20:35,pc2,rfsim5g-end-ue-6,3.15,77.60
2026-09-26 15:20:35,pc2,rfsim5g-end-ue-7,3.14,78.00
2026-09-26 15:20:35,pc2,rfsim5g-end-ue-8,1.05,92.30
2026-09-26 15:20:41,pc2,rfsim5g-end-ue-1,0.00,81.50
2026-09-26 15:20:41,pc2,rfsim5g-end-ue-2,2.10,64.10
2026-09-26 15:20:41,pc2,rfsim5g-end-ue-3,2.10,37.70
2026-09-26 15:20:41,pc2,rfsim5g-end-ue-4,2.10,64.20
2026-09-26 15:20:41,pc2,rfsim5g-end-ue-5,3.15,94.40
2026-09-26 15:20:41,pc2,rfsim5g-end-ue-6,3.14,93.50
2026-09-26 15:20:41,pc2,rfsim5g-end-ue-7,3.15,106.00
2026-09-26 15:20:41,pc2,rfsim5g-end-ue-8,1.05,89.30
2026-09-26 15:20:46,pc2,rfsim5g-end-ue-1,1.05,114.00
2026-09-26 15:20:46,pc2,rfsim5g-end-ue-2,2.10,30.10
2026-09-26 15:20:46,pc2,rfsim5g-end-ue-3,2.10,38.20
2026-09-26 15:20:46,pc2,rfsim5g-end-ue-4,2.10,60.40
2026-09-26 15:20:46,pc2,rfsim5g-end-ue-5,3.15,154.00
2026-09-26 15:20:46,pc2,rfsim5g-end-ue-6,3.15,42.80
2026-09-26 15:20:46,pc2,rfsim5g-end-ue-7,3.15,191.00
2026-09-26 15:20:46,pc2,rfsim5g-end-ue-8,1.05,163.00
2026-09-26 15:20:51,pc2,rfsim5g-end-ue-1,1.05,50.20
2026-09-26 15:20:51,pc2,rfsim5g-end-ue-2,2.10,65.20
2026-09-26 15:20:51,pc2,rfsim5g-end-ue-3,2.10,78.00
2026-09-26 15:20:51,pc2,rfsim5g-end-ue-4,2.10,58.30
2026-09-26 15:20:51,pc2,rfsim5g-end-ue-5,3.15,72.50
2026-09-26 15:20:51,pc2,rfsim5g-end-ue-6,3.14,72.00
2026-09-26 15:20:51,pc2,rfsim5g-end-ue-7,3.15,111.00
2026-09-26 15:20:51,pc2,rfsim5g-end-ue-8,0.00,116.00
2026-09-26 15:20:57,pc2,rfsim5g-end-ue-1,0.00,110.00
2026-09-26 15:20:57,pc2,rfsim5g-end-ue-2,2.08,59.50
2026-09-26 15:20:57,pc2,rfsim5g-end-ue-3,2.10,64.20
2026-09-26 15:20:57,pc2,rfsim5g-end-ue-4,2.10,24.30
2026-09-26 15:20:57,pc2,rfsim5g-end-ue-5,3.15,30.60
2026-09-26 15:20:57,pc2,rfsim5g-end-ue-6,3.15,63.20
2026-09-26 15:20:57,pc2,rfsim5g-end-ue-7,3.15,163.00
2026-09-26 15:20:57,pc2,rfsim5g-end-ue-8,1.05,92.30
2026-09-26 15:21:02,pc2,rfsim5g-end-ue-1,1.05,39.00
2026-09-26 15:21:02,pc2,rfsim5g-end-ue-2,2.10,71.70
2026-09-26 15:21:02,pc2,rfsim5g-end-ue-3,2.10,93.50
2026-09-26 15:21:02,pc2,rfsim5g-end-ue-4,2.10,92.00
2026-09-26 15:21:02,pc2,rfsim5g-end-ue-5,3.15,62.00
2026-09-26 15:21:02,pc2,rfsim5g-end-ue-6,3.15,51.30
2026-09-26 15:21:02,pc2,rfsim5g-end-ue-7,4.22,144.00
2026-09-26 15:21:02,pc2,rfsim5g-end-ue-8,1.05,90.50
2026-09-26 15:21:07,pc2,rfsim5g-end-ue-1,1.05,105.00
2026-09-26 15:21:07,pc2,rfsim5g-end-ue-2,2.10,70.60
2026-09-26 15:21:07,pc2,rfsim5g-end-ue-3,2.10,72.10
2026-09-26 15:21:07,pc2,rfsim5g-end-ue-4,2.10,174.00
2026-09-26 15:21:07,pc2,rfsim5g-end-ue-5,3.15,43.60
2026-09-26 15:21:07,pc2,rfsim5g-end-ue-6,3.11,62.90
2026-09-26 15:21:07,pc2,rfsim5g-end-ue-7,3.15,148.00
2026-09-26 15:21:07,pc2,rfsim5g-end-ue-8,1.05,105.00
2026-09-26 15:21:12,pc2,rfsim5g-end-ue-1,1.05,82.50
2026-09-26 15:21:12,pc2,rfsim5g-end-ue-2,2.10,72.80
2026-09-26 15:21:12,pc2,rfsim5g-end-ue-3,2.10,80.10
2026-09-26 15:21:12,pc2,rfsim5g-end-ue-4,2.10,67.30
2026-09-26 15:21:12,pc2,rfsim5g-end-ue-5,3.15,33.80
2026-09-26 15:21:12,pc2,rfsim5g-end-ue-6,3.15,21.20
2026-09-26 15:21:12,pc2,rfsim5g-end-ue-7,3.13,132.00
2026-09-26 15:21:12,pc2,rfsim5g-end-ue-8,0.00,128.00
2026-09-26 15:21:18,pc2,rfsim5g-end-ue-1,2.10,139.00
2026-09-26 15:21:18,pc2,rfsim5g-end-ue-2,2.10,134.00
2026-09-26 15:21:18,pc2,rfsim5g-end-ue-3,2.10,142.00
2026-09-26 15:21:18,pc2,rfsim5g-end-ue-4,3.15,52.60
2026-09-26 15:21:18,pc2,rfsim5g-end-ue-5,3.15,36.00
2026-09-26 15:21:18,pc2,rfsim5g-end-ue-6,4.20,53.80
2026-09-26 15:21:18,pc2,rfsim5g-end-ue-7,,68.10
2026-09-26 15:21:18,pc2,rfsim5g-end-ue-8,1.05,142.00
2026-09-26 15:21:23,pc2,rfsim5g-end-ue-1,2.10,74.70
2026-09-26 15:21:23,pc2,rfsim5g-end-ue-2,2.10,66.20
2026-09-26 15:21:23,pc2,rfsim5g-end-ue-3,1.05,
2026-09-26 15:21:23,pc2,rfsim5g-end-ue-4,3.14,55.60
2026-09-26 15:21:23,pc2,rfsim5g-end-ue-5,3.15,67.60
2026-09-26 15:21:23,pc2,rfsim5g-end-ue-6,2.10,
2026-09-26 15:21:23,pc2,rfsim5g-end-ue-7,1.05,61.80
2026-09-26 15:21:23,pc2,rfsim5g-end-ue-8,1.05,90.80
2026-09-26 15:21:29,pc2,rfsim5g-end-ue-1,2.10,43.60
2026-09-26 15:21:29,pc2,rfsim5g-end-ue-2,2.11,128.00
2026-09-26 15:21:29,pc2,rfsim5g-end-ue-3,2.10,204.00
2026-09-26 15:21:29,pc2,rfsim5g-end-ue-4,2.10,102.00
2026-09-26 15:21:29,pc2,rfsim5g-end-ue-5,3.15,91.60
2026-09-26 15:21:29,pc2,rfsim5g-end-ue-6,5.23,327.00
2026-09-26 15:21:29,pc2,rfsim5g-end-ue-7,0.00,82.70
2026-09-26 15:21:29,pc2,rfsim5g-end-ue-8,0.00,94.70
2026-09-26 15:21:35,pc2,rfsim5g-end-ue-1,2.10,91.20
2026-09-26 15:21:35,pc2,rfsim5g-end-ue-2,2.10,111.00
2026-09-26 15:21:35,pc2,rfsim5g-end-ue-3,1.04,79.30
2026-09-26 15:21:35,pc2,rfsim5g-end-ue-4,3.15,106.00
2026-09-26 15:21:35,pc2,rfsim5g-end-ue-5,3.16,116.00
2026-09-26 15:21:35,pc2,rfsim5g-end-ue-6,3.16,61.50
2026-09-26 15:21:35,pc2,rfsim5g-end-ue-7,0.00,108.00
2026-09-26 15:21:35,pc2,rfsim5g-end-ue-8,1.05,91.40
2026-09-26 15:21:40,pc2,rfsim5g-end-ue-1,2.10,69.40
2026-09-26 15:21:40,pc2,rfsim5g-end-ue-2,2.10,77.60
2026-09-26 15:21:40,pc2,rfsim5g-end-ue-3,2.10,78.90
2026-09-26 15:21:40,pc2,rfsim5g-end-ue-4,3.14,72.70
2026-09-26 15:21:40,pc2,rfsim5g-end-ue-5,3.14,66.20
2026-09-26 15:21:40,pc2,rfsim5g-end-ue-6,3.15,201.00
2026-09-26 15:21:40,pc2,rfsim5g-end-ue-7,1.05,77.60
2026-09-26 15:21:40,pc2,rfsim5g-end-ue-8,1.05,80.60
2026-09-26 15:21:45,pc2,rfsim5g-end-ue-1,2.10,63.20
2026-09-26 15:21:45,pc2,rfsim5g-end-ue-2,2.10,46.20
2026-09-26 15:21:45,pc2,rfsim5g-end-ue-3,1.05,64.50
2026-09-26 15:21:45,pc2,rfsim5g-end-ue-4,3.15,62.00
2026-09-26 15:21:45,pc2,rfsim5g-end-ue-5,3.15,77.40
2026-09-26 15:21:45,pc2,rfsim5g-end-ue-6,3.15,113.00
2026-09-26 15:21:45,pc2,rfsim5g-end-ue-7,1.05,29.60
2026-09-26 15:21:45,pc2,rfsim5g-end-ue-8,1.05,91.70
2026-09-26 15:21:51,pc2,rfsim5g-end-ue-1,2.10,65.90
2026-09-26 15:21:51,pc2,rfsim5g-end-ue-2,2.10,84.70
2026-09-26 15:21:51,pc2,rfsim5g-end-ue-3,2.09,77.30
2026-09-26 15:21:51,pc2,rfsim5g-end-ue-4,3.15,25.10
2026-09-26 15:21:51,pc2,rfsim5g-end-ue-5,3.15,64.30
2026-09-26 15:21:51,pc2,rfsim5g-end-ue-6,3.15,78.50
2026-09-26 15:21:51,pc2,rfsim5g-end-ue-7,1.05,85.20
2026-09-26 15:21:51,pc2,rfsim5g-end-ue-8,0.00,98.00
2026-09-26 15:21:56,pc2,rfsim5g-end-ue-1,2.09,59.20
2026-09-26 15:21:56,pc2,rfsim5g-end-ue-2,2.10,20.60
2026-09-26 15:21:56,pc2,rfsim5g-end-ue-3,2.10,76.30
2026-09-26 15:21:56,pc2,rfsim5g-end-ue-4,3.15,58.60
2026-09-26 15:21:56,pc2,rfsim5g-end-ue-5,3.15,60.70
2026-09-26 15:21:56,pc2,rfsim5g-end-ue-6,3.14,25.90
2026-09-26 15:21:56,pc2,rfsim5g-end-ue-7,0.00,93.00
2026-09-26 15:21:56,pc2,rfsim5g-end-ue-8,1.05,94.00
2026-09-26 15:22:01,pc2,rfsim5g-end-ue-1,2.10,58.80
2026-09-26 15:22:01,pc2,rfsim5g-end-ue-2,2.10,58.80
2026-09-26 15:22:01,pc2,rfsim5g-end-ue-3,2.10,65.70
2026-09-26 15:22:01,pc2,rfsim5g-end-ue-4,3.15,62.40
2026-09-26 15:22:01,pc2,rfsim5g-end-ue-5,3.14,56.80
2026-09-26 15:22:01,pc2,rfsim5g-end-ue-6,3.15,67.10
2026-09-26 15:22:01,pc2,rfsim5g-end-ue-7,1.05,81.50
2026-09-26 15:22:01,pc2,rfsim5g-end-ue-8,1.05,81.60
2026-09-26 15:22:06,pc2,rfsim5g-end-ue-1,2.10,57.90
2026-09-26 15:22:06,pc2,rfsim5g-end-ue-2,2.09,65.20
2026-09-26 15:22:06,pc2,rfsim5g-end-ue-3,2.09,54.80
2026-09-26 15:22:06,pc2,rfsim5g-end-ue-4,3.15,71.90
2026-09-26 15:22:06,pc2,rfsim5g-end-ue-5,4.20,24.70
2026-09-26 15:22:06,pc2,rfsim5g-end-ue-6,3.15,67.40
2026-09-26 15:22:06,pc2,rfsim5g-end-ue-7,1.05,85.90
2026-09-26 15:22:06,pc2,rfsim5g-end-ue-8,1.05,86.60
2026-09-26 15:22:12,pc2,rfsim5g-end-ue-1,2.10,57.90
2026-09-26 15:22:12,pc2,rfsim5g-end-ue-2,2.10,58.00
2026-09-26 15:22:12,pc2,rfsim5g-end-ue-3,2.10,49.80
2026-09-26 15:22:12,pc2,rfsim5g-end-ue-4,3.14,61.60
2026-09-26 15:22:12,pc2,rfsim5g-end-ue-5,3.15,64.20
2026-09-26 15:22:12,pc2,rfsim5g-end-ue-6,3.15,65.70
2026-09-26 15:22:12,pc2,rfsim5g-end-ue-7,0.00,201.00
2026-09-26 15:22:12,pc2,rfsim5g-end-ue-8,1.05,86.50
2026-09-26 15:22:17,pc2,rfsim5g-end-ue-1,2.10,91.20
2026-09-26 15:22:17,pc2,rfsim5g-end-ue-2,2.10,23.00
2026-09-26 15:22:17,pc2,rfsim5g-end-ue-3,2.10,198.00
2026-09-26 15:22:17,pc2,rfsim5g-end-ue-4,3.14,88.40
2026-09-26 15:22:17,pc2,rfsim5g-end-ue-5,3.14,197.00
2026-09-26 15:22:17,pc2,rfsim5g-end-ue-6,3.14,309.00
2026-09-26 15:22:17,pc2,rfsim5g-end-ue-7,0.00,167.00
2026-09-26 15:22:17,pc2,rfsim5g-end-ue-8,1.05,162.00
2026-09-26 15:22:22,pc2,rfsim5g-end-ue-1,2.09,63.70
2026-09-26 15:22:22,pc2,rfsim5g-end-ue-2,2.10,55.30
2026-09-26 15:22:22,pc2,rfsim5g-end-ue-3,2.10,24.40
2026-09-26 15:22:22,pc2,rfsim5g-end-ue-4,3.15,65.90
2026-09-26 15:22:22,pc2,rfsim5g-end-ue-5,3.15,86.90
2026-09-26 15:22:22,pc2,rfsim5g-end-ue-6,3.14,69.50
2026-09-26 15:22:22,pc2,rfsim5g-end-ue-7,1.05,217.00
2026-09-26 15:22:22,pc2,rfsim5g-end-ue-8,1.05,72.20
2026-09-26 15:22:28,pc2,rfsim5g-end-ue-1,2.10,60.50
2026-09-26 15:22:28,pc2,rfsim5g-end-ue-2,2.11,63.30
2026-09-26 15:22:28,pc2,rfsim5g-end-ue-3,1.04,72.00
2026-09-26 15:22:28,pc2,rfsim5g-end-ue-4,3.15,68.30
2026-09-26 15:22:28,pc2,rfsim5g-end-ue-5,3.15,190.00
2026-09-26 15:22:28,pc2,rfsim5g-end-ue-6,3.15,187.00
2026-09-26 15:22:28,pc2,rfsim5g-end-ue-7,1.05,177.00
2026-09-26 15:22:28,pc2,rfsim5g-end-ue-8,1.05,170.00
2026-09-26 15:22:33,pc2,rfsim5g-end-ue-1,2.10,67.80
2026-09-26 15:22:33,pc2,rfsim5g-end-ue-2,2.10,52.50
2026-09-26 15:22:33,pc2,rfsim5g-end-ue-3,2.10,64.10
2026-09-26 15:22:33,pc2,rfsim5g-end-ue-4,3.15,69.20
2026-09-26 15:22:33,pc2,rfsim5g-end-ue-5,3.15,66.10
2026-09-26 15:22:33,pc2,rfsim5g-end-ue-6,3.15,118.00
2026-09-26 15:22:33,pc2,rfsim5g-end-ue-7,0.00,116.00
2026-09-26 15:22:33,pc2,rfsim5g-end-ue-8,0.00,82.80
2026-09-26 15:22:38,pc2,rfsim5g-end-ue-1,2.10,64.00
2026-09-26 15:22:38,pc2,rfsim5g-end-ue-2,2.10,65.70
2026-09-26 15:22:38,pc2,rfsim5g-end-ue-3,2.10,139.00
2026-09-26 15:22:38,pc2,rfsim5g-end-ue-4,3.15,64.10
2026-09-26 15:22:38,pc2,rfsim5g-end-ue-5,3.13,68.00
2026-09-26 15:22:38,pc2,rfsim5g-end-ue-6,3.14,66.20
2026-09-26 15:22:38,pc2,rfsim5g-end-ue-7,1.05,37.30
2026-09-26 15:22:38,pc2,rfsim5g-end-ue-8,1.05,87.90
2026-09-26 15:22:44,pc2,rfsim5g-end-ue-1,2.10,58.50
2026-09-26 15:22:44,pc2,rfsim5g-end-ue-2,2.10,112.00
2026-09-26 15:22:44,pc2,rfsim5g-end-ue-3,2.09,157.00
2026-09-26 15:22:44,pc2,rfsim5g-end-ue-4,3.15,58.20
2026-09-26 15:22:44,pc2,rfsim5g-end-ue-5,3.15,65.70
2026-09-26 15:22:44,pc2,rfsim5g-end-ue-6,3.15,65.60
2026-09-26 15:22:44,pc2,rfsim5g-end-ue-7,1.05,37.50
2026-09-26 15:22:44,pc2,rfsim5g-end-ue-8,1.05,57.70
2026-09-26 15:22:49,pc2,rfsim5g-end-ue-1,1.05,81.70
2026-09-26 15:22:49,pc2,rfsim5g-end-ue-2,2.10,82.20
2026-09-26 15:22:49,pc2,rfsim5g-end-ue-3,2.10,115.00
2026-09-26 15:22:49,pc2,rfsim5g-end-ue-4,3.15,83.80
2026-09-26 15:22:49,pc2,rfsim5g-end-ue-5,3.15,208.00
2026-09-26 15:22:49,pc2,rfsim5g-end-ue-6,3.15,228.00
2026-09-26 15:22:49,pc2,rfsim5g-end-ue-7,1.05,28.00
2026-09-26 15:22:49,pc2,rfsim5g-end-ue-8,1.05,206.00
2026-09-26 15:22:54,pc2,rfsim5g-end-ue-1,2.10,66.80
2026-09-26 15:22:54,pc2,rfsim5g-end-ue-2,2.10,61.20
2026-09-26 15:22:54,pc2,rfsim5g-end-ue-3,2.10,55.50
2026-09-26 15:22:54,pc2,rfsim5g-end-ue-4,3.15,36.40
2026-09-26 15:22:54,pc2,rfsim5g-end-ue-5,3.15,60.30
2026-09-26 15:22:54,pc2,rfsim5g-end-ue-6,3.15,73.30
2026-09-26 15:22:54,pc2,rfsim5g-end-ue-7,1.05,75.20
2026-09-26 15:22:54,pc2,rfsim5g-end-ue-8,0.00,85.50
2026-09-26 15:23:00,pc2,rfsim5g-end-ue-1,2.10,40.20
2026-09-26 15:23:00,pc2,rfsim5g-end-ue-2,2.10,74.00
2026-09-26 15:23:00,pc2,rfsim5g-end-ue-3,2.10,63.70
2026-09-26 15:23:00,pc2,rfsim5g-end-ue-4,3.12,34.30
2026-09-26 15:23:00,pc2,rfsim5g-end-ue-5,3.15,27.20
2026-09-26 15:23:00,pc2,rfsim5g-end-ue-6,3.15,53.30
2026-09-26 15:23:00,pc2,rfsim5g-end-ue-7,1.05,86.50
2026-09-26 15:23:00,pc2,rfsim5g-end-ue-8,1.05,91.20
2026-09-26 15:23:05,pc2,rfsim5g-end-ue-1,2.10,62.10
2026-09-26 15:23:05,pc2,rfsim5g-end-ue-2,2.10,62.50
2026-09-26 15:23:05,pc2,rfsim5g-end-ue-3,2.11,60.60
2026-09-26 15:23:05,pc2,rfsim5g-end-ue-4,3.14,73.40
2026-09-26 15:23:05,pc2,rfsim5g-end-ue-5,3.14,48.00
2026-09-26 15:23:05,pc2,rfsim5g-end-ue-6,3.15,77.30
2026-09-26 15:23:05,pc2,rfsim5g-end-ue-7,1.05,87.30
2026-09-26 15:23:05,pc2,rfsim5g-end-ue-8,1.05,56.50
2026-09-26 15:23:10,pc2,rfsim5g-end-ue-1,2.10,63.20
2026-09-26 15:23:10,pc2,rfsim5g-end-ue-2,2.10,98.80
2026-09-26 15:23:10,pc2,rfsim5g-end-ue-3,2.10,57.30
2026-09-26 15:23:10,pc2,rfsim5g-end-ue-4,3.14,27.40
2026-09-26 15:23:10,pc2,rfsim5g-end-ue-5,3.15,41.10
2026-09-26 15:23:10,pc2,rfsim5g-end-ue-6,3.15,28.20
2026-09-26 15:23:10,pc2,rfsim5g-end-ue-7,1.05,87.50
2026-09-26 15:23:10,pc2,rfsim5g-end-ue-8,1.05,105.00
2026-09-26 15:23:15,pc2,rfsim5g-end-ue-1,2.09,59.30
2026-09-26 15:23:15,pc2,rfsim5g-end-ue-2,2.10,73.80
2026-09-26 15:23:15,pc2,rfsim5g-end-ue-3,2.10,65.70
2026-09-26 15:23:15,pc2,rfsim5g-end-ue-4,3.15,62.90
2026-09-26 15:23:15,pc2,rfsim5g-end-ue-5,3.15,60.30
2026-09-26 15:23:15,pc2,rfsim5g-end-ue-6,3.15,65.60
2026-09-26 15:23:15,pc2,rfsim5g-end-ue-7,0.00,88.40
2026-09-26 15:23:15,pc2,rfsim5g-end-ue-8,0.00,84.70
2026-09-26 15:23:21,pc2,rfsim5g-end-ue-1,2.10,31.30
2026-09-26 15:23:21,pc2,rfsim5g-end-ue-2,2.08,74.60
2026-09-26 15:23:21,pc2,rfsim5g-end-ue-3,2.10,58.30
2026-09-26 15:23:21,pc2,rfsim5g-end-ue-4,3.15,59.10
2026-09-26 15:23:21,pc2,rfsim5g-end-ue-5,3.15,74.60
2026-09-26 15:23:21,pc2,rfsim5g-end-ue-6,4.19,58.20
2026-09-26 15:23:21,pc2,rfsim5g-end-ue-7,1.05,25.50
2026-09-26 15:23:21,pc2,rfsim5g-end-ue-8,1.05,81.40
2026-09-26 15:23:26,pc2,rfsim5g-end-ue-1,2.10,
2026-09-26 15:23:26,pc2,rfsim5g-end-ue-2,2.10,78.80
2026-09-26 15:23:26,pc2,rfsim5g-end-ue-3,2.10,82.10
2026-09-26 15:23:26,pc2,rfsim5g-end-ue-4,3.15,56.90
2026-09-26 15:23:26,pc2,rfsim5g-end-ue-5,3.15,44.40
2026-09-26 15:23:26,pc2,rfsim5g-end-ue-6,3.14,37.90
2026-09-26 15:23:26,pc2,rfsim5g-end-ue-7,1.05,49.60
2026-09-26 15:23:26,pc2,rfsim5g-end-ue-8,1.05,85.20
2026-09-26 15:23:32,pc2,rfsim5g-end-ue-1,2.10,202.00
2026-09-26 15:23:32,pc2,rfsim5g-end-ue-2,3.14,114.00
2026-09-26 15:23:32,pc2,rfsim5g-end-ue-3,3.15,118.00
2026-09-26 15:23:32,pc2,rfsim5g-end-ue-4,2.10,404.00
2026-09-26 15:23:32,pc2,rfsim5g-end-ue-5,1.05,82.70
2026-09-26 15:23:32,pc2,rfsim5g-end-ue-6,,79.80
2026-09-26 15:23:32,pc2,rfsim5g-end-ue-7,1.05,81.70
2026-09-26 15:23:32,pc2,rfsim5g-end-ue-8,1.05,88.90
2026-09-26 15:23:38,pc2,rfsim5g-end-ue-1,2.12,513.00
2026-09-26 15:23:38,pc2,rfsim5g-end-ue-2,2.10,63.20
2026-09-26 15:23:38,pc2,rfsim5g-end-ue-3,3.15,61.00
2026-09-26 15:23:38,pc2,rfsim5g-end-ue-4,1.05,645.00
2026-09-26 15:23:38,pc2,rfsim5g-end-ue-5,0.00,97.00
2026-09-26 15:23:38,pc2,rfsim5g-end-ue-6,1.05,88.10
2026-09-26 15:23:38,pc2,rfsim5g-end-ue-7,1.05,105.00
2026-09-26 15:23:38,pc2,rfsim5g-end-ue-8,2.11,37.20
2026-09-26 15:23:44,pc2,rfsim5g-end-ue-1,2.09,95.70
2026-09-26 15:23:44,pc2,rfsim5g-end-ue-2,3.15,67.60
2026-09-26 15:23:44,pc2,rfsim5g-end-ue-3,3.15,84.10
2026-09-26 15:23:44,pc2,rfsim5g-end-ue-4,5.23,450.00
2026-09-26 15:23:44,pc2,rfsim5g-end-ue-5,1.05,86.60
2026-09-26 15:23:44,pc2,rfsim5g-end-ue-6,0.00,98.60
2026-09-26 15:23:44,pc2,rfsim5g-end-ue-7,1.05,65.00
2026-09-26 15:23:44,pc2,rfsim5g-end-ue-8,2.10,72.10
2026-09-26 15:23:49,pc2,rfsim5g-end-ue-1,2.10,254.00
2026-09-26 15:23:49,pc2,rfsim5g-end-ue-2,3.14,261.00
2026-09-26 15:23:49,pc2,rfsim5g-end-ue-3,3.20,286.00
2026-09-26 15:23:49,pc2,rfsim5g-end-ue-4,3.15,269.00
2026-09-26 15:23:49,pc2,rfsim5g-end-ue-5,0.00,81.30
2026-09-26 15:23:49,pc2,rfsim5g-end-ue-6,1.05,93.00
2026-09-26 15:23:49,pc2,rfsim5g-end-ue-7,1.05,398.00
2026-09-26 15:23:49,pc2,rfsim5g-end-ue-8,2.10,62.40
2026-09-26 15:23:55,pc2,rfsim5g-end-ue-1,2.10,224.00
2026-09-26 15:23:55,pc2,rfsim5g-end-ue-2,3.15,227.00
2026-09-26 15:23:55,pc2,rfsim5g-end-ue-3,4.20,196.00
2026-09-26 15:23:55,pc2,rfsim5g-end-ue-4,3.15,223.00
2026-09-26 15:23:55,pc2,rfsim5g-end-ue-5,0.00,69.60
2026-09-26 15:23:55,pc2,rfsim5g-end-ue-6,1.05,91.50
2026-09-26 15:23:55,pc2,rfsim5g-end-ue-7,1.05,72.90
2026-09-26 15:23:55,pc2,rfsim5g-end-ue-8,2.10,64.70
2026-09-26 15:24:00,pc2,rfsim5g-end-ue-1,2.10,132.00
2026-09-26 15:24:00,pc2,rfsim5g-end-ue-2,4.20,229.00
2026-09-26 15:24:00,pc2,rfsim5g-end-ue-3,3.15,140.00
2026-09-26 15:24:00,pc2,rfsim5g-end-ue-4,3.15,114.00
2026-09-26 15:24:00,pc2,rfsim5g-end-ue-5,1.05,91.30
2026-09-26 15:24:00,pc2,rfsim5g-end-ue-6,0.00,105.00
2026-09-26 15:24:00,pc2,rfsim5g-end-ue-7,1.05,71.20
2026-09-26 15:24:00,pc2,rfsim5g-end-ue-8,2.10,78.00
2026-09-26 15:24:06,pc2,rfsim5g-end-ue-1,2.10,112.00
2026-09-26 15:24:06,pc2,rfsim5g-end-ue-2,3.15,100.00
2026-09-26 15:24:06,pc2,rfsim5g-end-ue-3,3.15,120.00
2026-09-26 15:24:06,pc2,rfsim5g-end-ue-4,2.10,73.80
2026-09-26 15:24:06,pc2,rfsim5g-end-ue-5,1.05,85.10
2026-09-26 15:24:06,pc2,rfsim5g-end-ue-6,1.05,91.10
2026-09-26 15:24:06,pc2,rfsim5g-end-ue-7,0.00,95.90
2026-09-26 15:24:06,pc2,rfsim5g-end-ue-8,2.10,61.40
2026-09-26 15:24:11,pc2,rfsim5g-end-ue-1,1.05,121.00
2026-09-26 15:24:11,pc2,rfsim5g-end-ue-2,3.15,52.20
2026-09-26 15:24:11,pc2,rfsim5g-end-ue-3,4.19,66.70
2026-09-26 15:24:11,pc2,rfsim5g-end-ue-4,4.20,65.40
2026-09-26 15:24:11,pc2,rfsim5g-end-ue-5,1.05,62.80
2026-09-26 15:24:11,pc2,rfsim5g-end-ue-6,1.05,89.70
2026-09-26 15:24:11,pc2,rfsim5g-end-ue-7,0.00,82.20
2026-09-26 15:24:11,pc2,rfsim5g-end-ue-8,2.10,66.30
2026-09-26 15:24:16,pc2,rfsim5g-end-ue-1,2.10,123.00
2026-09-26 15:24:16,pc2,rfsim5g-end-ue-2,3.15,59.20
2026-09-26 15:24:16,pc2,rfsim5g-end-ue-3,4.19,48.90
2026-09-26 15:24:16,pc2,rfsim5g-end-ue-4,3.14,97.10
2026-09-26 15:24:16,pc2,rfsim5g-end-ue-5,0.00,64.70
2026-09-26 15:24:16,pc2,rfsim5g-end-ue-6,1.05,111.00
2026-09-26 15:24:16,pc2,rfsim5g-end-ue-7,1.05,47.30
2026-09-26 15:24:16,pc2,rfsim5g-end-ue-8,2.10,57.30
2026-09-26 15:24:21,pc2,rfsim5g-end-ue-1,2.10,139.00
2026-09-26 15:24:21,pc2,rfsim5g-end-ue-2,3.15,67.40
2026-09-26 15:24:21,pc2,rfsim5g-end-ue-3,3.15,46.20
2026-09-26 15:24:21,pc2,rfsim5g-end-ue-4,3.15,68.10
2026-09-26 15:24:21,pc2,rfsim5g-end-ue-5,1.05,90.10
2026-09-26 15:24:21,pc2,rfsim5g-end-ue-6,0.00,93.40
2026-09-26 15:24:21,pc2,rfsim5g-end-ue-7,1.05,27.10
2026-09-26 15:24:21,pc2,rfsim5g-end-ue-8,2.10,76.50
2026-09-26 15:24:27,pc2,rfsim5g-end-ue-1,2.09,144.00
2026-09-26 15:24:27,pc2,rfsim5g-end-ue-2,3.15,58.20
2026-09-26 15:24:27,pc2,rfsim5g-end-ue-3,3.15,37.20
2026-09-26 15:24:27,pc2,rfsim5g-end-ue-4,2.10,45.90
2026-09-26 15:24:27,pc2,rfsim5g-end-ue-5,1.05,72.70
2026-09-26 15:24:27,pc2,rfsim5g-end-ue-6,1.05,101.00
2026-09-26 15:24:27,pc2,rfsim5g-end-ue-7,0.00,53.90
2026-09-26 15:24:27,pc2,rfsim5g-end-ue-8,2.10,63.10
2026-09-26 15:24:32,pc2,rfsim5g-end-ue-1,2.10,153.00
2026-09-26 15:24:32,pc2,rfsim5g-end-ue-2,3.14,65.00
2026-09-26 15:24:32,pc2,rfsim5g-end-ue-3,4.22,36.30
2026-09-26 15:24:32,pc2,rfsim5g-end-ue-4,3.15,61.10
2026-09-26 15:24:32,pc2,rfsim5g-end-ue-5,1.05,81.50
2026-09-26 15:24:32,pc2,rfsim5g-end-ue-6,1.05,91.70
2026-09-26 15:24:32,pc2,rfsim5g-end-ue-7,0.00,85.60
2026-09-26 15:24:32,pc2,rfsim5g-end-ue-8,2.10,61.10
2026-09-26 15:24:37,pc2,rfsim5g-end-ue-1,2.10,121.00
2026-09-26 15:24:37,pc2,rfsim5g-end-ue-2,3.11,62.50
2026-09-26 15:24:37,pc2,rfsim5g-end-ue-3,4.19,57.40
2026-09-26 15:24:37,pc2,rfsim5g-end-ue-4,3.15,34.90
2026-09-26 15:24:37,pc2,rfsim5g-end-ue-5,0.00,60.30
2026-09-26 15:24:37,pc2,rfsim5g-end-ue-6,1.05,84.90
2026-09-26 15:24:37,pc2,rfsim5g-end-ue-7,1.05,97.30
2026-09-26 15:24:37,pc2,rfsim5g-end-ue-8,2.10,66.30
2026-09-26 15:24:42,pc2,rfsim5g-end-ue-1,2.09,149.00
2026-09-26 15:24:42,pc2,rfsim5g-end-ue-2,3.14,30.30
2026-09-26 15:24:42,pc2,rfsim5g-end-ue-3,3.15,78.60
2026-09-26 15:24:42,pc2,rfsim5g-end-ue-4,3.15,31.50
2026-09-26 15:24:42,pc2,rfsim5g-end-ue-5,1.05,91.20
2026-09-26 15:24:42,pc2,rfsim5g-end-ue-6,0.00,90.20
2026-09-26 15:24:42,pc2,rfsim5g-end-ue-7,1.05,91.20
2026-09-26 15:24:42,pc2,rfsim5g-end-ue-8,2.10,64.20
2026-09-26 15:24:48,pc2,rfsim5g-end-ue-1,2.10,128.00
2026-09-26 15:24:48,pc2,rfsim5g-end-ue-2,3.14,57.80
2026-09-26 15:24:48,pc2,rfsim5g-end-ue-3,3.15,67.30
2026-09-26 15:24:48,pc2,rfsim5g-end-ue-4,3.14,22.10
2026-09-26 15:24:48,pc2,rfsim5g-end-ue-5,1.05,85.20
2026-09-26 15:24:48,pc2,rfsim5g-end-ue-6,0.00,94.60
2026-09-26 15:24:48,pc2,rfsim5g-end-ue-7,0.00,94.60
2026-09-26 15:24:48,pc2,rfsim5g-end-ue-8,1.05,60.20
2026-09-26 15:24:53,pc2,rfsim5g-end-ue-1,1.06,264.00
2026-09-26 15:24:53,pc2,rfsim5g-end-ue-2,3.15,59.00
2026-09-26 15:24:53,pc2,rfsim5g-end-ue-3,3.15,44.40
2026-09-26 15:24:53,pc2,rfsim5g-end-ue-4,4.20,52.90
2026-09-26 15:24:53,pc2,rfsim5g-end-ue-5,1.05,94.50
2026-09-26 15:24:53,pc2,rfsim5g-end-ue-6,1.05,89.20
2026-09-26 15:24:53,pc2,rfsim5g-end-ue-7,0.00,89.70
2026-09-26 15:24:53,pc2,rfsim5g-end-ue-8,2.10,62.70
2026-09-26 15:24:58,pc2,rfsim5g-end-ue-1,2.10,109.00
2026-09-26 15:24:58,pc2,rfsim5g-end-ue-2,3.16,115.00
2026-09-26 15:24:58,pc2,rfsim5g-end-ue-3,3.14,110.00
2026-09-26 15:24:58,pc2,rfsim5g-end-ue-4,3.14,178.00
2026-09-26 15:24:58,pc2,rfsim5g-end-ue-5,0.00,88.70
2026-09-26 15:24:58,pc2,rfsim5g-end-ue-6,1.05,105.00
2026-09-26 15:24:58,pc2,rfsim5g-end-ue-7,1.05,88.90
2026-09-26 15:24:58,pc2,rfsim5g-end-ue-8,1.05,49.40
2026-09-26 15:25:04,pc2,rfsim5g-end-ue-1,2.10,38.30
2026-09-26 15:25:04,pc2,rfsim5g-end-ue-2,3.14,61.20
2026-09-26 15:25:04,pc2,rfsim5g-end-ue-3,3.14,60.60
2026-09-26 15:25:04,pc2,rfsim5g-end-ue-4,3.15,29.30
2026-09-26 15:25:04,pc2,rfsim5g-end-ue-5,1.05,79.20
2026-09-26 15:25:04,pc2,rfsim5g-end-ue-6,0.00,77.10
2026-09-26 15:25:04,pc2,rfsim5g-end-ue-7,1.05,63.30
2026-09-26 15:25:04,pc2,rfsim5g-end-ue-8,2.10,74.80
2026-09-26 15:25:09,pc2,rfsim5g-end-ue-1,2.10,75.10
2026-09-26 15:25:09,pc2,rfsim5g-end-ue-2,3.14,69.00
2026-09-26 15:25:09,pc2,rfsim5g-end-ue-3,3.15,25.80
2026-09-26 15:25:09,pc2,rfsim5g-end-ue-4,3.15,51.80
2026-09-26 15:25:09,pc2,rfsim5g-end-ue-5,1.05,86.70
2026-09-26 15:25:09,pc2,rfsim5g-end-ue-6,0.00,92.40
2026-09-26 15:25:09,pc2,rfsim5g-end-ue-7,1.05,95.60
2026-09-26 15:25:09,pc2,rfsim5g-end-ue-8,2.10,81.40
2026-09-26 15:25:14,pc2,rfsim5g-end-ue-1,2.10,63.80
2026-09-26 15:25:14,pc2,rfsim5g-end-ue-2,3.15,83.70
2026-09-26 15:25:14,pc2,rfsim5g-end-ue-3,3.14,49.80
2026-09-26 15:25:14,pc2,rfsim5g-end-ue-4,3.15,45.00
2026-09-26 15:25:14,pc2,rfsim5g-end-ue-5,1.05,40.20
2026-09-26 15:25:14,pc2,rfsim5g-end-ue-6,1.05,90.00
2026-09-26 15:25:14,pc2,rfsim5g-end-ue-7,0.00,81.30
2026-09-26 15:25:14,pc2,rfsim5g-end-ue-8,2.10,76.50
2026-09-26 15:25:19,pc2,rfsim5g-end-ue-1,2.10,73.50
2026-09-26 15:25:19,pc2,rfsim5g-end-ue-2,3.14,72.10
2026-09-26 15:25:19,pc2,rfsim5g-end-ue-3,3.13,32.90
2026-09-26 15:25:19,pc2,rfsim5g-end-ue-4,3.15,50.90
2026-09-26 15:25:19,pc2,rfsim5g-end-ue-5,1.05,80.40
2026-09-26 15:25:19,pc2,rfsim5g-end-ue-6,1.05,108.00
2026-09-26 15:25:19,pc2,rfsim5g-end-ue-7,1.05,99.10
2026-09-26 15:25:19,pc2,rfsim5g-end-ue-8,2.10,68.90
2026-09-26 15:25:25,pc2,rfsim5g-end-ue-1,2.10,74.20
2026-09-26 15:25:25,pc2,rfsim5g-end-ue-2,3.15,72.50
2026-09-26 15:25:25,pc2,rfsim5g-end-ue-3,3.15,31.30
2026-09-26 15:25:25,pc2,rfsim5g-end-ue-4,3.15,27.90
2026-09-26 15:25:25,pc2,rfsim5g-end-ue-5,1.05,89.30
2026-09-26 15:25:25,pc2,rfsim5g-end-ue-6,0.00,86.80
2026-09-26 15:25:25,pc2,rfsim5g-end-ue-7,1.05,85.00
2026-09-26 15:25:25,pc2,rfsim5g-end-ue-8,2.10,92.70
2026-09-26 15:25:30,pc2,rfsim5g-end-ue-1,2.09,67.50
2026-09-26 15:25:30,pc2,rfsim5g-end-ue-2,3.15,74.00
2026-09-26 15:25:30,pc2,rfsim5g-end-ue-3,2.10,49.60
2026-09-26 15:25:30,pc2,rfsim5g-end-ue-4,3.15,70.80
2026-09-26 15:25:30,pc2,rfsim5g-end-ue-5,1.05,62.10
2026-09-26 15:25:30,pc2,rfsim5g-end-ue-6,0.00,86.50
2026-09-26 15:25:30,pc2,rfsim5g-end-ue-7,1.05,90.80
2026-09-26 15:25:30,pc2,rfsim5g-end-ue-8,2.09,72.60
2026-09-26 15:25:35,pc2,rfsim5g-end-ue-1,2.10,27.50
2026-09-26 15:25:35,pc2,rfsim5g-end-ue-2,3.15,58.90
2026-09-26 15:25:35,pc2,rfsim5g-end-ue-3,3.15,29.40
2026-09-26 15:25:35,pc2,rfsim5g-end-ue-4,3.15,95.80
2026-09-26 15:25:35,pc2,rfsim5g-end-ue-5,1.05,78.90
2026-09-26 15:25:35,pc2,rfsim5g-end-ue-6,1.05,85.40
2026-09-26 15:25:35,pc2,rfsim5g-end-ue-7,0.00,86.00
2026-09-26 15:25:35,pc2,rfsim5g-end-ue-8,2.10,67.50
2026-09-26 15:25:40,pc2,rfsim5g-end-ue-1,,45.50
2026-09-26 15:25:40,pc2,rfsim5g-end-ue-2,3.17,78.60
2026-09-26 15:25:40,pc2,rfsim5g-end-ue-3,3.15,119.00
2026-09-26 15:25:40,pc2,rfsim5g-end-ue-4,3.15,89.40
2026-09-26 15:25:40,pc2,rfsim5g-end-ue-5,1.05,70.40
2026-09-26 15:25:40,pc2,rfsim5g-end-ue-6,1.05,95.10
2026-09-26 15:25:40,pc2,rfsim5g-end-ue-7,1.05,96.10
2026-09-26 15:25:40,pc2,rfsim5g-end-ue-8,2.10,62.80
2026-09-26 15:25:46,pc2,rfsim5g-end-ue-1,3.15,67.10
2026-09-26 15:25:46,pc2,rfsim5g-end-ue-2,3.15,60.90
2026-09-26 15:25:46,pc2,rfsim5g-end-ue-3,2.10,
2026-09-26 15:25:46,pc2,rfsim5g-end-ue-4,1.06,78.90
2026-09-26 15:25:46,pc2,rfsim5g-end-ue-5,1.05,75.30
2026-09-26 15:25:46,pc2,rfsim5g-end-ue-6,1.05,82.20
2026-09-26 15:25:46,pc2,rfsim5g-end-ue-7,2.10,256.00
2026-09-26 15:25:46,pc2,rfsim5g-end-ue-8,2.10,111.00
2026-09-26 15:25:52,pc2,rfsim5g-end-ue-1,4.20,77.50
2026-09-26 15:25:52,pc2,rfsim5g-end-ue-2,3.14,49.60
2026-09-26 15:25:52,pc2,rfsim5g-end-ue-3,4.19,
2026-09-26 15:25:52,pc2,rfsim5g-end-ue-4,1.05,75.60
2026-09-26 15:25:52,pc2,rfsim5g-end-ue-5,1.05,89.40
2026-09-26 15:25:52,pc2,rfsim5g-end-ue-6,1.05,76.80
2026-09-26 15:25:52,pc2,rfsim5g-end-ue-7,2.09,88.70
2026-09-26 15:25:52,pc2,rfsim5g-end-ue-8,1.06,63.00
2026-09-26 15:25:58,pc2,rfsim5g-end-ue-1,3.15,151.00
2026-09-26 15:25:58,pc2,rfsim5g-end-ue-2,3.15,138.00
2026-09-26 15:25:58,pc2,rfsim5g-end-ue-3,3.13,290.00
2026-09-26 15:25:58,pc2,rfsim5g-end-ue-4,1.05,157.00
2026-09-26 15:25:58,pc2,rfsim5g-end-ue-5,1.05,95.10
2026-09-26 15:25:58,pc2,rfsim5g-end-ue-6,1.05,122.00
2026-09-26 15:25:58,pc2,rfsim5g-end-ue-7,2.10,63.70
2026-09-26 15:25:58,pc2,rfsim5g-end-ue-8,2.10,68.20
2026-09-26 15:26:03,pc2,rfsim5g-end-ue-1,3.15,26.20
2026-09-26 15:26:03,pc2,rfsim5g-end-ue-2,3.15,63.40
2026-09-26 15:26:03,pc2,rfsim5g-end-ue-3,3.15,58.00
2026-09-26 15:26:03,pc2,rfsim5g-end-ue-4,1.05,77.70
2026-09-26 15:26:03,pc2,rfsim5g-end-ue-5,1.05,80.70
2026-09-26 15:26:03,pc2,rfsim5g-end-ue-6,0.00,88.00
2026-09-26 15:26:03,pc2,rfsim5g-end-ue-7,2.10,51.90
2026-09-26 15:26:03,pc2,rfsim5g-end-ue-8,2.10,67.30
2026-09-26 15:26:08,pc2,rfsim5g-end-ue-1,3.14,60.20
2026-09-26 15:26:08,pc2,rfsim5g-end-ue-2,3.15,67.70
2026-09-26 15:26:08,pc2,rfsim5g-end-ue-3,3.15,135.00
2026-09-26 15:26:08,pc2,rfsim5g-end-ue-4,1.05,63.20
2026-09-26 15:26:08,pc2,rfsim5g-end-ue-5,1.05,82.10
2026-09-26 15:26:08,pc2,rfsim5g-end-ue-6,1.05,336.00
2026-09-26 15:26:08,pc2,rfsim5g-end-ue-7,2.10,61.90
2026-09-26 15:26:08,pc2,rfsim5g-end-ue-8,2.10,59.30
2026-09-26 15:26:14,pc2,rfsim5g-end-ue-1,4.21,170.00
2026-09-26 15:26:14,pc2,rfsim5g-end-ue-2,3.15,139.00
2026-09-26 15:26:14,pc2,rfsim5g-end-ue-3,2.10,188.00
2026-09-26 15:26:14,pc2,rfsim5g-end-ue-4,0.00,162.00
2026-09-26 15:26:14,pc2,rfsim5g-end-ue-5,0.00,82.40
2026-09-26 15:26:14,pc2,rfsim5g-end-ue-6,1.05,88.80
2026-09-26 15:26:14,pc2,rfsim5g-end-ue-7,2.10,44.80
2026-09-26 15:26:14,pc2,rfsim5g-end-ue-8,2.10,79.90
2026-09-26 15:26:19,pc2,rfsim5g-end-ue-1,3.14,98.10
2026-09-26 15:26:19,pc2,rfsim5g-end-ue-2,3.14,88.30
2026-09-26 15:26:19,pc2,rfsim5g-end-ue-3,3.15,173.00
2026-09-26 15:26:19,pc2,rfsim5g-end-ue-4,0.00,82.60
2026-09-26 15:26:19,pc2,rfsim5g-end-ue-5,1.05,82.80
2026-09-26 15:26:19,pc2,rfsim5g-end-ue-6,1.05,83.50
2026-09-26 15:26:19,pc2,rfsim5g-end-ue-7,2.10,38.60
2026-09-26 15:26:19,pc2,rfsim5g-end-ue-8,2.10,26.10
2026-09-26 15:26:25,pc2,rfsim5g-end-ue-1,3.15,66.40
2026-09-26 15:26:25,pc2,rfsim5g-end-ue-2,3.15,66.40
2026-09-26 15:26:25,pc2,rfsim5g-end-ue-3,3.15,78.90
2026-09-26 15:26:25,pc2,rfsim5g-end-ue-4,1.05,32.70
2026-09-26 15:26:25,pc2,rfsim5g-end-ue-5,1.05,80.80
2026-09-26 15:26:25,pc2,rfsim5g-end-ue-6,1.05,93.70
2026-09-26 15:26:25,pc2,rfsim5g-end-ue-7,2.10,36.60
2026-09-26 15:26:25,pc2,rfsim5g-end-ue-8,1.04,77.10
2026-09-26 15:26:30,pc2,rfsim5g-end-ue-1,3.15,65.40
2026-09-26 15:26:30,pc2,rfsim5g-end-ue-2,4.19,65.40
2026-09-26 15:26:30,pc2,rfsim5g-end-ue-3,4.19,58.80
2026-09-26 15:26:30,pc2,rfsim5g-end-ue-4,1.05,36.80
2026-09-26 15:26:30,pc2,rfsim5g-end-ue-5,1.05,84.90
2026-09-26 15:26:30,pc2,rfsim5g-end-ue-6,1.05,89.70
2026-09-26 15:26:30,pc2,rfsim5g-end-ue-7,2.10,30.60
2026-09-26 15:26:30,pc2,rfsim5g-end-ue-8,2.10,58.70
2026-09-26 15:26:35,pc2,rfsim5g-end-ue-1,3.14,58.10
2026-09-26 15:26:35,pc2,rfsim5g-end-ue-2,3.17,58.10
2026-09-26 15:26:35,pc2,rfsim5g-end-ue-3,3.15,107.00
2026-09-26 15:26:35,pc2,rfsim5g-end-ue-4,1.05,82.10
2026-09-26 15:26:35,pc2,rfsim5g-end-ue-5,0.00,88.00
2026-09-26 15:26:35,pc2,rfsim5g-end-ue-6,1.05,87.90
2026-09-26 15:26:35,pc2,rfsim5g-end-ue-7,2.10,47.70
2026-09-26 15:26:35,pc2,rfsim5g-end-ue-8,2.10,52.10
2026-09-26 15:26:40,pc2,rfsim5g-end-ue-1,3.15,55.70
2026-09-26 15:26:40,pc2,rfsim5g-end-ue-2,3.15,65.50
2026-09-26 15:26:40,pc2,rfsim5g-end-ue-3,3.16,50.90
2026-09-26 15:26:40,pc2,rfsim5g-end-ue-4,0.00,81.20
2026-09-26 15:26:40,pc2,rfsim5g-end-ue-5,1.05,62.10
2026-09-26 15:26:40,pc2,rfsim5g-end-ue-6,0.00,90.10
2026-09-26 15:26:40,pc2,rfsim5g-end-ue-7,2.10,41.80
2026-09-26 15:26:40,pc2,rfsim5g-end-ue-8,2.10,32.40
2026-09-26 15:26:45,pc2,rfsim5g-end-ue-1,3.15,61.70
2026-09-26 15:26:45,pc2,rfsim5g-end-ue-2,3.15,63.50
2026-09-26 15:26:45,pc2,rfsim5g-end-ue-3,3.15,44.20
2026-09-26 15:26:45,pc2,rfsim5g-end-ue-4,1.05,84.70
2026-09-26 15:26:45,pc2,rfsim5g-end-ue-5,1.05,77.90
2026-09-26 15:26:45,pc2,rfsim5g-end-ue-6,0.00,88.00
2026-09-26 15:26:45,pc2,rfsim5g-end-ue-7,2.10,31.30
2026-09-26 15:26:45,pc2,rfsim5g-end-ue-8,2.10,58.70
2026-09-26 15:26:51,pc2,rfsim5g-end-ue-1,2.09,63.40
2026-09-26 15:26:51,pc2,rfsim5g-end-ue-2,3.15,80.30
2026-09-26 15:26:51,pc2,rfsim5g-end-ue-3,4.20,65.60
2026-09-26 15:26:51,pc2,rfsim5g-end-ue-4,1.05,64.50
2026-09-26 15:26:51,pc2,rfsim5g-end-ue-5,1.05,47.80
2026-09-26 15:26:51,pc2,rfsim5g-end-ue-6,1.05,90.20
2026-09-26 15:26:51,pc2,rfsim5g-end-ue-7,2.09,29.20
2026-09-26 15:26:51,pc2,rfsim5g-end-ue-8,2.10,59.30
2026-09-26 15:26:56,pc2,rfsim5g-end-ue-1,4.22,56.80
2026-09-26 15:26:56,pc2,rfsim5g-end-ue-2,3.15,57.30
2026-09-26 15:26:56,pc2,rfsim5g-end-ue-3,3.14,59.10
2026-09-26 15:26:56,pc2,rfsim5g-end-ue-4,1.05,62.00
2026-09-26 15:26:56,pc2,rfsim5g-end-ue-5,0.00,65.10
2026-09-26 15:26:56,pc2,rfsim5g-end-ue-6,1.05,66.20
2026-09-26 15:26:56,pc2,rfsim5g-end-ue-7,2.10,19.70
2026-09-26 15:26:56,pc2,rfsim5g-end-ue-8,2.10,60.20
2026-09-26 15:27:01,pc2,rfsim5g-end-ue-1,3.15,68.30
2026-09-26 15:27:01,pc2,rfsim5g-end-ue-2,3.15,81.50
2026-09-26 15:27:01,pc2,rfsim5g-end-ue-3,3.15,61.20
2026-09-26 15:27:01,pc2,rfsim5g-end-ue-4,1.05,85.00
2026-09-26 15:27:01,pc2,rfsim5g-end-ue-5,0.00,63.30
2026-09-26 15:27:01,pc2,rfsim5g-end-ue-6,1.05,92.20
2026-09-26 15:27:01,pc2,rfsim5g-end-ue-7,2.10,32.60
2026-09-26 15:27:01,pc2,rfsim5g-end-ue-8,2.10,38.70
2026-09-26 15:27:06,pc2,rfsim5g-end-ue-1,3.14,57.10
2026-09-26 15:27:06,pc2,rfsim5g-end-ue-2,3.15,59.70
2026-09-26 15:27:06,pc2,rfsim5g-end-ue-3,3.15,81.80
2026-09-26 15:27:06,pc2,rfsim5g-end-ue-4,0.00,83.00
2026-09-26 15:27:06,pc2,rfsim5g-end-ue-5,1.05,64.40
2026-09-26 15:27:06,pc2,rfsim5g-end-ue-6,0.00,88.00
2026-09-26 15:27:06,pc2,rfsim5g-end-ue-7,2.10,26.20
2026-09-26 15:27:06,pc2,rfsim5g-end-ue-8,2.10,25.30
2026-09-26 15:27:12,pc2,rfsim5g-end-ue-1,3.15,61.80
2026-09-26 15:27:12,pc2,rfsim5g-end-ue-2,3.14,61.60
2026-09-26 15:27:12,pc2,rfsim5g-end-ue-3,3.15,48.40
2026-09-26 15:27:12,pc2,rfsim5g-end-ue-4,1.05,50.70
2026-09-26 15:27:12,pc2,rfsim5g-end-ue-5,1.05,53.20
2026-09-26 15:27:12,pc2,rfsim5g-end-ue-6,1.05,90.50
2026-09-26 15:27:12,pc2,rfsim5g-end-ue-7,2.10,61.20
2026-09-26 15:27:12,pc2,rfsim5g-end-ue-8,2.12,73.40
2026-09-26 15:27:17,pc2,rfsim5g-end-ue-1,3.15,58.80
2026-09-26 15:27:17,pc2,rfsim5g-end-ue-2,3.15,63.50
2026-09-26 15:27:17,pc2,rfsim5g-end-ue-3,3.15,54.70
2026-09-26 15:27:17,pc2,rfsim5g-end-ue-4,1.05,82.50
2026-09-26 15:27:17,pc2,rfsim5g-end-ue-5,0.00,93.00
2026-09-26 15:27:17,pc2,rfsim5g-end-ue-6,1.05,85.10
2026-09-26 15:27:17,pc2,rfsim5g-end-ue-7,2.10,41.90
2026-09-26 15:27:17,pc2,rfsim5g-end-ue-8,2.10,59.40
2026-09-26 15:27:22,pc2,rfsim5g-end-ue-1,3.15,63.30
2026-09-26 15:27:22,pc2,rfsim5g-end-ue-2,3.15,67.10
2026-09-26 15:27:22,pc2,rfsim5g-end-ue-3,3.14,82.10
2026-09-26 15:27:22,pc2,rfsim5g-end-ue-4,0.00,88.10
2026-09-26 15:27:22,pc2,rfsim5g-end-ue-5,0.00,86.20
2026-09-26 15:27:22,pc2,rfsim5g-end-ue-6,1.05,83.30
2026-09-26 15:27:22,pc2,rfsim5g-end-ue-7,2.10,19.90
2026-09-26 15:27:22,pc2,rfsim5g-end-ue-8,2.10,59.70
2026-09-26 15:27:27,pc2,rfsim5g-end-ue-1,3.15,62.10
2026-09-26 15:27:27,pc2,rfsim5g-end-ue-2,4.19,60.40
2026-09-26 15:27:27,pc2,rfsim5g-end-ue-3,3.15,57.00
2026-09-26 15:27:27,pc2,rfsim5g-end-ue-4,1.05,90.00
2026-09-26 15:27:27,pc2,rfsim5g-end-ue-5,1.05,57.10
2026-09-26 15:27:27,pc2,rfsim5g-end-ue-6,0.00,81.70
2026-09-26 15:27:27,pc2,rfsim5g-end-ue-7,2.10,21.50
2026-09-26 15:27:27,pc2,rfsim5g-end-ue-8,2.10,63.20
2026-09-26 15:27:33,pc2,rfsim5g-end-ue-1,3.15,66.60
2026-09-26 15:27:33,pc2,rfsim5g-end-ue-2,3.15,66.90
2026-09-26 15:27:33,pc2,rfsim5g-end-ue-3,3.14,72.90
2026-09-26 15:27:33,pc2,rfsim5g-end-ue-4,1.05,81.50
2026-09-26 15:27:33,pc2,rfsim5g-end-ue-5,1.05,73.30
2026-09-26 15:27:33,pc2,rfsim5g-end-ue-6,1.05,83.80
2026-09-26 15:27:33,pc2,rfsim5g-end-ue-7,2.10,23.80
2026-09-26 15:27:33,pc2,rfsim5g-end-ue-8,2.10,59.90
2026-09-26 15:27:38,pc2,rfsim5g-end-ue-1,3.15,62.80
2026-09-26 15:27:38,pc2,rfsim5g-end-ue-2,3.15,62.90
2026-09-26 15:27:38,pc2,rfsim5g-end-ue-3,3.15,47.40
2026-09-26 15:27:38,pc2,rfsim5g-end-ue-4,1.05,83.30
2026-09-26 15:27:38,pc2,rfsim5g-end-ue-5,0.00,80.40
2026-09-26 15:27:38,pc2,rfsim5g-end-ue-6,1.05,88.60
2026-09-26 15:27:38,pc2,rfsim5g-end-ue-7,1.05,51.40
2026-09-26 15:27:38,pc2,rfsim5g-end-ue-8,2.10,77.60
2026-09-26 15:27:43,pc2,rfsim5g-end-ue-1,3.15,58.30
2026-09-26 15:27:43,pc2,rfsim5g-end-ue-2,3.15,76.10
2026-09-26 15:27:43,pc2,rfsim5g-end-ue-3,3.15,66.60
2026-09-26 15:27:43,pc2,rfsim5g-end-ue-4,0.00,64.00
2026-09-26 15:27:43,pc2,rfsim5g-end-ue-5,0.00,86.40
2026-09-26 15:27:43,pc2,rfsim5g-end-ue-6,1.05,87.70
2026-09-26 15:27:43,pc2,rfsim5g-end-ue-7,2.10,51.50
2026-09-26 15:27:43,pc2,rfsim5g-end-ue-8,2.10,55.80
2026-09-26 15:27:48,pc2,rfsim5g-end-ue-1,3.15,45.40
2026-09-26 15:27:48,pc2,rfsim5g-end-ue-2,2.10,107.00
2026-09-26 15:27:48,pc2,rfsim5g-end-ue-3,4.19,27.90
2026-09-26 15:27:48,pc2,rfsim5g-end-ue-4,0.00,91.90
2026-09-26 15:27:48,pc2,rfsim5g-end-ue-5,1.05,85.70
2026-09-26 15:27:48,pc2,rfsim5g-end-ue-6,0.00,93.50
2026-09-26 15:27:48,pc2,rfsim5g-end-ue-7,2.11,26.40
2026-09-26 15:27:48,pc2,rfsim5g-end-ue-8,2.10,58.00
2026-09-26 15:27:54,pc2,rfsim5g-end-ue-1,3.15,63.80
2026-09-26 15:27:54,pc2,rfsim5g-end-ue-2,2.10,
2026-09-26 15:27:54,pc2,rfsim5g-end-ue-3,1.04,77.50
2026-09-26 15:27:54,pc2,rfsim5g-end-ue-4,1.04,86.80
2026-09-26 15:27:54,pc2,rfsim5g-end-ue-5,1.05,104.00
2026-09-26 15:27:54,pc2,rfsim5g-end-ue-6,2.10,25.30
2026-09-26 15:27:54,pc2,rfsim5g-end-ue-7,2.10,48.30
2026-09-26 15:27:54,pc2,rfsim5g-end-ue-8,3.15,81.90
2026-09-26 15:28:00,pc2,rfsim5g-end-ue-1,3.15,93.00
2026-09-26 15:28:00,pc2,rfsim5g-end-ue-2,5.25,
2026-09-26 15:28:00,pc2,rfsim5g-end-ue-3,1.05,88.30
2026-09-26 15:28:00,pc2,rfsim5g-end-ue-4,0.00,95.70
2026-09-26 15:28:00,pc2,rfsim5g-end-ue-5,1.05,88.80
2026-09-26 15:28:00,pc2,rfsim5g-end-ue-6,1.05,69.90
2026-09-26 15:28:00,pc2,rfsim5g-end-ue-7,1.05,68.40
2026-09-26 15:28:00,pc2,rfsim5g-end-ue-8,1.05,918.00
2026-09-26 15:28:06,pc2,rfsim5g-end-ue-1,3.15,61.50
2026-09-26 15:28:06,pc2,rfsim5g-end-ue-2,4.20,76.50
2026-09-26 15:28:06,pc2,rfsim5g-end-ue-3,1.05,81.00
2026-09-26 15:28:06,pc2,rfsim5g-end-ue-4,1.05,87.10
2026-09-26 15:28:06,pc2,rfsim5g-end-ue-5,1.05,291.00
2026-09-26 15:28:06,pc2,rfsim5g-end-ue-6,2.10,61.80
2026-09-26 15:28:06,pc2,rfsim5g-end-ue-7,2.09,79.90
2026-09-26 15:28:06,pc2,rfsim5g-end-ue-8,4.19,88.20
2026-09-26 15:28:11,pc2,rfsim5g-end-ue-1,3.15,76.30
2026-09-26 15:28:11,pc2,rfsim5g-end-ue-2,3.15,195.00
2026-09-26 15:28:11,pc2,rfsim5g-end-ue-3,1.05,88.10
2026-09-26 15:28:11,pc2,rfsim5g-end-ue-4,1.05,52.90
2026-09-26 15:28:11,pc2,rfsim5g-end-ue-5,0.00,91.90
2026-09-26 15:28:11,pc2,rfsim5g-end-ue-6,2.10,73.70
2026-09-26 15:28:11,pc2,rfsim5g-end-ue-7,2.10,82.60
2026-09-26 15:28:11,pc2,rfsim5g-end-ue-8,1.05,62.80
2026-09-26 15:28:17,pc2,rfsim5g-end-ue-1,3.15,68.70
2026-09-26 15:28:17,pc2,rfsim5g-end-ue-2,3.15,35.20
2026-09-26 15:28:17,pc2,rfsim5g-end-ue-3,1.05,34.50
2026-09-26 15:28:17,pc2,rfsim5g-end-ue-4,0.00,87.20
2026-09-26 15:28:17,pc2,rfsim5g-end-ue-5,1.05,87.60
2026-09-26 15:28:17,pc2,rfsim5g-end-ue-6,2.10,52.40
2026-09-26 15:28:17,pc2,rfsim5g-end-ue-7,2.10,59.30
2026-09-26 15:28:17,pc2,rfsim5g-end-ue-8,2.10,59.40
2026-09-26 15:28:22,pc2,rfsim5g-end-ue-1,3.14,60.90
2026-09-26 15:28:22,pc2,rfsim5g-end-ue-2,3.15,55.10
2026-09-26 15:28:22,pc2,rfsim5g-end-ue-3,1.05,36.90
2026-09-26 15:28:22,pc2,rfsim5g-end-ue-4,1.05,94.40
2026-09-26 15:28:22,pc2,rfsim5g-end-ue-5,1.05,84.70
2026-09-26 15:28:22,pc2,rfsim5g-end-ue-6,1.05,51.00
2026-09-26 15:28:22,pc2,rfsim5g-end-ue-7,1.05,60.30
2026-09-26 15:28:22,pc2,rfsim5g-end-ue-8,2.10,76.80
2026-09-26 15:28:27,pc2,rfsim5g-end-ue-1,3.15,67.40
2026-09-26 15:28:27,pc2,rfsim5g-end-ue-2,3.14,62.70
2026-09-26 15:28:27,pc2,rfsim5g-end-ue-3,1.05,69.60
2026-09-26 15:28:27,pc2,rfsim5g-end-ue-4,1.05,86.90
2026-09-26 15:28:27,pc2,rfsim5g-end-ue-5,1.05,83.20
2026-09-26 15:28:27,pc2,rfsim5g-end-ue-6,2.10,52.10
2026-09-26 15:28:27,pc2,rfsim5g-end-ue-7,2.10,69.50
2026-09-26 15:28:27,pc2,rfsim5g-end-ue-8,2.10,21.90
2026-09-26 15:28:33,pc2,rfsim5g-end-ue-1,3.15,34.10
2026-09-26 15:28:33,pc2,rfsim5g-end-ue-2,3.14,94.30
2026-09-26 15:28:33,pc2,rfsim5g-end-ue-3,1.05,83.80
2026-09-26 15:28:33,pc2,rfsim5g-end-ue-4,1.05,101.00
2026-09-26 15:28:33,pc2,rfsim5g-end-ue-5,1.05,90.60
2026-09-26 15:28:33,pc2,rfsim5g-end-ue-6,1.05,78.70
2026-09-26 15:28:33,pc2,rfsim5g-end-ue-7,2.10,79.20
2026-09-26 15:28:33,pc2,rfsim5g-end-ue-8,1.05,71.20
2026-09-26 15:28:38,pc2,rfsim5g-end-ue-1,3.15,65.30
2026-09-26 15:28:38,pc2,rfsim5g-end-ue-2,3.15,33.00
2026-09-26 15:28:38,pc2,rfsim5g-end-ue-3,1.05,54.00
2026-09-26 15:28:38,pc2,rfsim5g-end-ue-4,0.00,114.00
2026-09-26 15:28:38,pc2,rfsim5g-end-ue-5,1.05,86.20
2026-09-26 15:28:38,pc2,rfsim5g-end-ue-6,2.09,55.40
2026-09-26 15:28:38,pc2,rfsim5g-end-ue-7,2.10,64.00
2026-09-26 15:28:38,pc2,rfsim5g-end-ue-8,,43.60
2026-09-26 15:28:43,pc2,rfsim5g-end-ue-1,3.16,69.00
2026-09-26 15:28:43,pc2,rfsim5g-end-ue-2,3.15,26.60
2026-09-26 15:28:43,pc2,rfsim5g-end-ue-3,0.00,68.70
2026-09-26 15:28:43,pc2,rfsim5g-end-ue-4,1.05,28.50
2026-09-26 15:28:43,pc2,rfsim5g-end-ue-5,1.05,81.60
2026-09-26 15:28:43,pc2,rfsim5g-end-ue-6,2.10,56.10
2026-09-26 15:28:43,pc2,rfsim5g-end-ue-7,1.05,60.80
2026-09-26 15:28:43,pc2,rfsim5g-end-ue-8,2.10,59.90
2026-09-26 15:28:48,pc2,rfsim5g-end-ue-1,3.15,67.80
2026-09-26 15:28:48,pc2,rfsim5g-end-ue-2,3.14,29.60
2026-09-26 15:28:48,pc2,rfsim5g-end-ue-3,1.05,51.80
2026-09-26 15:28:48,pc2,rfsim5g-end-ue-4,1.05,87.30
2026-09-26 15:28:48,pc2,rfsim5g-end-ue-5,0.00,62.00
2026-09-26 15:28:48,pc2,rfsim5g-end-ue-6,2.10,53.00
2026-09-26 15:28:48,pc2,rfsim5g-end-ue-7,2.10,55.90
2026-09-26 15:28:48,pc2,rfsim5g-end-ue-8,2.10,69.00
2026-09-26 15:28:54,pc2,rfsim5g-end-ue-1,3.14,55.60
2026-09-26 15:28:54,pc2,rfsim5g-end-ue-2,3.14,66.20
2026-09-26 15:28:54,pc2,rfsim5g-end-ue-3,1.05,72.40
2026-09-26 15:28:54,pc2,rfsim5g-end-ue-4,1.05,91.00
2026-09-26 15:28:54,pc2,rfsim5g-end-ue-5,1.06,84.90
2026-09-26 15:28:54,pc2,rfsim5g-end-ue-6,2.10,85.40
2026-09-26 15:28:54,pc2,rfsim5g-end-ue-7,1.05,32.30
2026-09-26 15:28:54,pc2,rfsim5g-end-ue-8,2.09,29.70
2026-09-26 15:28:59,pc2,rfsim5g-end-ue-1,3.15,51.10
2026-09-26 15:28:59,pc2,rfsim5g-end-ue-2,3.15,40.50
2026-09-26 15:28:59,pc2,rfsim5g-end-ue-3,1.05,86.40
2026-09-26 15:28:59,pc2,rfsim5g-end-ue-4,0.00,22.20
2026-09-26 15:28:59,pc2,rfsim5g-end-ue-5,1.05,90.20
2026-09-26 15:28:59,pc2,rfsim5g-end-ue-6,2.15,51.80
2026-09-26 15:28:59,pc2,rfsim5g-end-ue-7,2.10,65.40
2026-09-26 15:28:59,pc2,rfsim5g-end-ue-8,2.10,45.00
2026-09-26 15:29:04,pc2,rfsim5g-end-ue-1,4.20,56.80
2026-09-26 15:29:04,pc2,rfsim5g-end-ue-2,3.15,72.10
2026-09-26 15:29:04,pc2,rfsim5g-end-ue-3,1.05,77.20
2026-09-26 15:29:04,pc2,rfsim5g-end-ue-4,1.05,19.70
2026-09-26 15:29:04,pc2,rfsim5g-end-ue-5,1.05,69.20
2026-09-26 15:29:04,pc2,rfsim5g-end-ue-6,2.10,52.60
2026-09-26 15:29:04,pc2,rfsim5g-end-ue-7,1.06,79.70
2026-09-26 15:29:04,pc2,rfsim5g-end-ue-8,2.10,63.70
2026-09-26 15:29:09,pc2,rfsim5g-end-ue-1,3.14,78.80
2026-09-26 15:29:09,pc2,rfsim5g-end-ue-2,3.15,48.10
2026-09-26 15:29:09,pc2,rfsim5g-end-ue-3,1.05,81.10
2026-09-26 15:29:09,pc2,rfsim5g-end-ue-4,1.05,87.20
2026-09-26 15:29:09,pc2,rfsim5g-end-ue-5,0.00,86.10
2026-09-26 15:29:09,pc2,rfsim5g-end-ue-6,2.09,99.20
2026-09-26 15:29:09,pc2,rfsim5g-end-ue-7,2.10,57.50
2026-09-26 15:29:09,pc2,rfsim5g-end-ue-8,2.11,59.90
2026-09-26 15:29:14,pc2,rfsim5g-end-ue-1,3.15,24.30
2026-09-26 15:29:14,pc2,rfsim5g-end-ue-2,3.14,26.50
2026-09-26 15:29:14,pc2,rfsim5g-end-ue-3,1.05,65.20
2026-09-26 15:29:14,pc2,rfsim5g-end-ue-4,1.05,27.10
2026-09-26 15:29:14,pc2,rfsim5g-end-ue-5,1.05,86.50
2026-09-26 15:29:14,pc2,rfsim5g-end-ue-6,2.10,73.50
2026-09-26 15:29:14,pc2,rfsim5g-end-ue-7,2.10,67.80
2026-09-26 15:29:14,pc2,rfsim5g-end-ue-8,2.10,17.70
2026-09-26 15:29:20,pc2,rfsim5g-end-ue-1,3.15,37.80
2026-09-26 15:29:20,pc2,rfsim5g-end-ue-2,3.15,37.80
2026-09-26 15:29:20,pc2,rfsim5g-end-ue-3,1.05,88.70
2026-09-26 15:29:20,pc2,rfsim5g-end-ue-4,0.00,96.70
2026-09-26 15:29:20,pc2,rfsim5g-end-ue-5,1.05,50.30
2026-09-26 15:29:20,pc2,rfsim5g-end-ue-6,2.10,80.60
2026-09-26 15:29:20,pc2,rfsim5g-end-ue-7,2.09,65.30
2026-09-26 15:29:20,pc2,rfsim5g-end-ue-8,2.10,41.20
2026-09-26 15:29:25,pc2,rfsim5g-end-ue-1,3.15,65.60
2026-09-26 15:29:25,pc2,rfsim5g-end-ue-2,3.15,67.60
2026-09-26 15:29:25,pc2,rfsim5g-end-ue-3,1.05,68.80
2026-09-26 15:29:25,pc2,rfsim5g-end-ue-4,0.00,80.20
2026-09-26 15:29:25,pc2,rfsim5g-end-ue-5,0.00,90.40
2026-09-26 15:29:25,pc2,rfsim5g-end-ue-6,2.10,53.90
2026-09-26 15:29:25,pc2,rfsim5g-end-ue-7,2.10,60.80
2026-09-26 15:29:25,pc2,rfsim5g-end-ue-8,2.10,24.50
2026-09-26 15:29:30,pc2,rfsim5g-end-ue-1,3.15,46.20
2026-09-26 15:29:30,pc2,rfsim5g-end-ue-2,4.19,57.40
2026-09-26 15:29:30,pc2,rfsim5g-end-ue-3,1.05,53.30
2026-09-26 15:29:30,pc2,rfsim5g-end-ue-4,1.05,47.50
2026-09-26 15:29:30,pc2,rfsim5g-end-ue-5,0.00,84.20
2026-09-26 15:29:30,pc2,rfsim5g-end-ue-6,2.10,51.60
2026-09-26 15:29:30,pc2,rfsim5g-end-ue-7,2.10,64.20
2026-09-26 15:29:30,pc2,rfsim5g-end-ue-8,2.11,56.00
2026-09-26 15:29:35,pc2,rfsim5g-end-ue-1,3.15,55.20
2026-09-26 15:29:35,pc2,rfsim5g-end-ue-2,3.15,54.60
2026-09-26 15:29:35,pc2,rfsim5g-end-ue-3,1.05,82.10
2026-09-26 15:29:35,pc2,rfsim5g-end-ue-4,1.05,53.90
2026-09-26 15:29:35,pc2,rfsim5g-end-ue-5,1.05,89.30
2026-09-26 15:29:35,pc2,rfsim5g-end-ue-6,2.10,89.70
2026-09-26 15:29:35,pc2,rfsim5g-end-ue-7,2.09,65.00
2026-09-26 15:29:35,pc2,rfsim5g-end-ue-8,2.10,67.80
2026-09-26 15:29:41,pc2,rfsim5g-end-ue-1,3.14,66.20
2026-09-26 15:29:41,pc2,rfsim5g-end-ue-2,3.15,43.10
2026-09-26 15:29:41,pc2,rfsim5g-end-ue-3,1.05,80.80
2026-09-26 15:29:41,pc2,rfsim5g-end-ue-4,0.00,28.50
2026-09-26 15:29:41,pc2,rfsim5g-end-ue-5,1.05,49.00
2026-09-26 15:29:41,pc2,rfsim5g-end-ue-6,2.10,86.60
2026-09-26 15:29:41,pc2,rfsim5g-end-ue-7,2.10,80.50
2026-09-26 15:29:41,pc2,rfsim5g-end-ue-8,2.10,214.00
2026-09-26 15:29:46,pc2,rfsim5g-end-ue-1,3.15,93.80
2026-09-26 15:29:46,pc2,rfsim5g-end-ue-2,4.20,258.00
2026-09-26 15:29:46,pc2,rfsim5g-end-ue-3,1.05,87.10
2026-09-26 15:29:46,pc2,rfsim5g-end-ue-4,0.00,97.00
2026-09-26 15:29:46,pc2,rfsim5g-end-ue-5,1.05,86.10
2026-09-26 15:29:46,pc2,rfsim5g-end-ue-6,2.10,48.80
2026-09-26 15:29:46,pc2,rfsim5g-end-ue-7,2.10,61.90
2026-09-26 15:29:46,pc2,rfsim5g-end-ue-8,2.10,59.30
2026-09-26 15:29:51,pc2,rfsim5g-end-ue-1,3.15,53.10
2026-09-26 15:29:51,pc2,rfsim5g-end-ue-2,3.14,68.40
2026-09-26 15:29:51,pc2,rfsim5g-end-ue-3,1.05,93.50
2026-09-26 15:29:51,pc2,rfsim5g-end-ue-4,1.05,116.00
2026-09-26 15:29:51,pc2,rfsim5g-end-ue-5,0.00,84.40
2026-09-26 15:29:51,pc2,rfsim5g-end-ue-6,2.10,67.40
2026-09-26 15:29:51,pc2,rfsim5g-end-ue-7,2.10,89.80
2026-09-26 15:29:51,pc2,rfsim5g-end-ue-8,2.08,739.00
2026-09-26 15:29:57,pc2,rfsim5g-end-ue-1,3.15,90.40
2026-09-26 15:29:57,pc2,rfsim5g-end-ue-2,3.15,218.00
2026-09-26 15:29:57,pc2,rfsim5g-end-ue-3,1.05,87.10
2026-09-26 15:29:57,pc2,rfsim5g-end-ue-4,1.05,101.00
2026-09-26 15:29:57,pc2,rfsim5g-end-ue-5,1.05,64.50
2026-09-26 15:29:57,pc2,rfsim5g-end-ue-6,2.10,66.70
2026-09-26 15:29:57,pc2,rfsim5g-end-ue-7,2.09,70.70
2026-09-26 15:29:57,pc2,rfsim5g-end-ue-8,4.20,69.90
2026-09-26 15:30:03,pc2,rfsim5g-end-ue-1,3.15,67.60
2026-09-26 15:30:03,pc2,rfsim5g-end-ue-2,1.05,96.00
2026-09-26 15:30:03,pc2,rfsim5g-end-ue-3,1.05,110.00
2026-09-26 15:30:03,pc2,rfsim5g-end-ue-4,1.05,206.00
2026-09-26 15:30:03,pc2,rfsim5g-end-ue-5,1.05,81.20
2026-09-26 15:30:03,pc2,rfsim5g-end-ue-6,2.09,58.90
2026-09-26 15:30:03,pc2,rfsim5g-end-ue-7,2.10,68.60
2026-09-26 15:30:03,pc2,rfsim5g-end-ue-8,2.10,78.50
