time,elapsed_min,node,n,cont,n_cont,r_cont,v_pf,adv_pf,adv_pf_pct,interv,step,entropy
2026-10-02 02:33:43,20.0,1,1177,0.11809685641461343,139,0.25306496024131775,0.24099281430244446,0.012072148732841015,5.009339704913585,0.1672661870503597,190,0.7064
2026-10-02 02:33:43,20.0,2,1136,0.21654929577464788,246,0.2097301036119461,0.22570432722568512,-0.01597423106431961,-7.0775032365005295,0.16869918699186992,190,0.5838
2026-10-02 02:33:43,20.0,3,1142,0.10245183887915937,117,0.13280652463436127,0.1298379749059677,0.0029685520566999912,2.286351168716163,0.1388888888888889,190,0.0
2026-10-02 02:33:43,20.0,4,1201,0.2739383846794338,329,0.1927146017551422,0.18841105699539185,0.004303534049540758,2.284119689242025,0.19376899696048633,190,0.6039
2026-10-02 02:33:43,20.0,5,1182,0.10829103214890017,128,0.17460006475448608,0.1733120232820511,0.0012880400754511356,0.7431914134168038,0.17578125,190,0.556
2026-10-02 02:33:43,20.0,6,1201,0.004163197335553705,5,0.17905613780021667,0.17204110324382782,0.00701504060998559,4.077537563824745,0.3,190,0.0
2026-10-02 02:33:43,20.0,7,1201,0.11407160699417153,137,0.11925868690013885,0.12523606419563293,-0.005977388471364975,-4.77289709618119,0.19343065693430658,190,0.7685
2026-10-02 02:33:43,20.0,8,1201,0.010824313072439634,13,0.26314598321914673,0.22318457067012787,0.03996144235134125,17.905109762450923,0.19230769230769232,190,0.0
2026-10-02 02:33:43,20.0,9,1201,0.18900915903413823,227,0.19986160099506378,0.20679369568824768,-0.006932124029844999,-3.352193115352771,0.15198237885462554,190,0.6197
2026-10-02 02:33:43,20.0,10,1201,0.011656952539550375,14,0.1683928519487381,0.14864781498908997,0.019745027646422386,13.283093093478419,0.14285714285714285,190,0.0
2026-10-02 02:33:43,20.0,11,1179,0.22476675148430875,265,0.1867673695087433,0.18093709647655487,0.0058302623219788074,3.222259246729026,0.23018867924528302,190,0.5795
2026-10-02 02:33:43,20.0,12,1157,0.03111495246326707,36,0.24034073948860168,0.18766246736049652,0.052678268402814865,28.07075338171952,0.25,190,0.0
2026-10-02 02:33:43,20.0,ALL,14179,None,1656,None,0.18902768655387675,0.0009398353851292336,0.49719456565499537,0.18372584541062803,None,None
2026-10-02 02:53:48,40.0,1,1178,0.2801358234295416,330,0.24114146828651428,0.2283766269683838,0.012764828279614449,5.589375957190924,0.14469696969696969,399,0.545
2026-10-02 02:53:48,40.0,2,1180,0.03898305084745763,46,0.13409914076328278,0.13394078612327576,0.0001583697012392804,0.118238593204553,0.16304347826086957,390,0.5637
2026-10-02 02:53:48,40.0,3,1179,0.11365564037319763,134,0.23600566387176514,0.2552376389503479,-0.019231967628002167,-7.534926160221775,0.11753731343283583,390,0.5422
2026-10-02 02:53:48,40.0,4,1201,0.09825145711906745,118,0.2834514081478119,0.27718183398246765,0.006269649602472782,2.261926588908186,0.1461864406779661,390,0.5817
2026-10-02 02:53:48,40.0,5,1201,0.08326394671107411,100,0.12136085331439972,0.12651100754737854,-0.005150151904672384,-4.070912092565262,0.12,390,0.5289
2026-10-02 02:53:48,40.0,6,1201,0.01582014987510408,19,0.27418744564056396,0.22526176273822784,0.04892570152878761,21.719488001007605,0.15789473684210525,390,0.0
2026-10-02 02:53:48,40.0,7,1201,0.3305578684429642,397,0.18270842730998993,0.173476904630661,0.009231533855199814,5.321477158503666,0.14105793450881612,390,0.4773
2026-10-02 02:53:48,40.0,8,1200,0.024166666666666666,29,0.1937047243118286,0.16042761504650116,0.033277131617069244,20.742770256494566,0.2413793103448276,390,0.0
2026-10-02 02:53:48,40.0,9,1201,0.09575353871773522,115,0.1180017963051796,0.12222116440534592,-0.004219360183924437,-3.452233665464803,0.15217391304347827,390,0.5987
2026-10-02 02:53:48,40.0,10,1158,0.02677029360967185,31,0.11607708781957626,0.11075570434331894,0.00532136345282197,4.804595378967465,0.1935483870967742,390,0.0
2026-10-02 02:53:48,40.0,11,1201,0.18401332223147376,221,0.24717094004154205,0.2294720560312271,0.01769888773560524,7.712872774886687,0.10633484162895927,390,0.4994
2026-10-02 02:53:48,40.0,12,1177,0.0076465590484282074,9,0.29971665143966675,0.22956500947475433,0.0701516792178154,30.558524305739244,0.1111111111111111,390,0.0
2026-10-02 02:53:48,40.0,ALL,14278,None,1549,None,0.19958485443604385,0.0075206567939790836,3.7681500508792602,0.13831504196255648,None,None
2026-10-02 03:13:52,60.0,1,1157,0.1097666378565255,127,0.2728143036365509,0.22068901360034943,0.052125271409749985,23.619332271856894,0.11220472440944881,590,0.5947
2026-10-02 03:13:52,60.0,2,1135,0.1303964757709251,148,0.28005915880203247,0.30221766233444214,-0.02215847559273243,-7.331959165315516,0.14695945945945946,590,0.542
2026-10-02 03:13:52,60.0,3,1136,0.023767605633802816,27,0.12911230325698853,0.10880180448293686,0.020310506224632263,18.667435086352373,0.12962962962962962,590,0.5354
2026-10-02 03:13:52,60.0,4,1109,0.15960324616771868,177,0.2591111361980438,0.2497299611568451,0.009381205774843693,3.7565399567542257,0.1285310734463277,590,0.5332
2026-10-02 03:13:52,60.0,5,1147,0.1926765475152572,221,0.19264210760593414,0.15978513658046722,0.03285697475075722,20.563223497456264,0.09728506787330317,590,0.3691
2026-10-02 03:13:52,60.0,6,1201,0.058284762697751874,70,0.2436884194612503,0.203098326921463,0.0405900701880455,19.98542814374904,0.2,590,0.0
2026-10-02 03:13:52,60.0,7,1201,0.2681099084096586,322,0.19323599338531494,0.1860196888446808,0.007216323167085648,3.879332995289008,0.10869565217391304,590,0.5154
2026-10-02 03:13:52,60.0,8,1202,0.13727121464226288,165,0.20804503560066223,0.2080998569726944,-5.481315383804031e-05,-0.026339832537815033,0.23939393939393938,590,0.7461
2026-10-02 03:13:52,60.0,9,1200,0.005833333333333334,7,0.17717096209526062,0.14307323098182678,0.03409773111343384,23.832362545698675,0.21428571428571427,590,0.5637
2026-10-02 03:13:52,60.0,10,1201,0.005828476269775187,7,0.08195989578962326,0.04968905821442604,0.03227083757519722,64.94556092397048,0.21428571428571427,590,0.0
2026-10-02 03:13:52,60.0,11,1201,0.08409658617818484,101,0.1733231097459793,0.16209587454795837,0.011227223090827465,6.926285522156045,0.11386138613861387,590,0.5297
2026-10-02 03:13:52,60.0,12,1201,0.17318900915903415,208,0.17880600690841675,0.14909273386001587,0.029713276773691177,19.929392938484288,0.21634615384615385,590,0.6566
2026-10-02 03:13:52,60.0,ALL,14091,None,1580,None,0.1977165144762095,0.01629462751642205,8.241409454131725,0.14667721518987342,None,None
2026-10-02 03:33:57,80.0,1,1117,0.18889883616830797,211,0.2701708972454071,0.24991650879383087,0.02025436982512474,8.104454532787038,0.11848341232227488,790,0.5036
2026-10-02 03:33:57,80.0,2,1159,0.2459016393442623,285,0.27931466698646545,0.29880794882774353,-0.019493281841278076,-6.523682491631286,0.10438596491228071,790,0.5086
2026-10-02 03:33:57,80.0,3,1180,0.1016949152542373,120,0.2456727921962738,0.21764929592609406,0.028023485094308853,12.875522971516816,0.12291666666666666,790,0.4511
2026-10-02 03:33:57,80.0,4,1087,0.0036798528058877645,4,0.1490316241979599,0.1406361162662506,0.008395519107580185,5.969675024078373,0.0625,790,0.5087
2026-10-02 03:33:57,80.0,5,1201,0.24895920066611157,299,0.14596740901470184,0.16010652482509613,-0.01413910835981369,-8.831063178255578,0.10869565217391304,790,0.3664
2026-10-02 03:33:57,80.0,6,1201,0.10324729392173189,124,0.18240341544151306,0.14709517359733582,0.035308241844177246,24.003671215502578,0.20161290322580644,790,nan
2026-10-02 03:33:57,80.0,7,1201,0.03996669442131557,48,0.1815289855003357,0.14677919447422028,0.03474979102611542,23.67487514193896,0.07291666666666667,790,0.441
2026-10-02 03:33:57,80.0,8,1202,0.1480865224625624,178,0.23458939790725708,0.18427921831607819,0.05031018704175949,27.301063842948793,0.11235955056179775,790,0.5387
2026-10-02 03:33:57,80.0,9,1200,0.06833333333333333,82,0.21725128591060638,0.17294588685035706,0.044305406510829926,25.618074715570174,0.0975609756097561,790,0.5641
2026-10-02 03:33:57,80.0,10,1182,0.024534686971235193,29,0.1583203226327896,0.11510041356086731,0.0432199090719223,37.54974264194697,0.27586206896551724,790,nan
2026-10-02 03:33:57,80.0,11,1201,0.19733555370524564,237,0.06722790747880936,0.08658262342214584,-0.019354719668626785,-22.35404623195593,0.13291139240506328,790,0.456
2026-10-02 03:33:57,80.0,12,1180,0.0288135593220339,34,0.16577398777008057,0.10755950212478638,0.05821448192000389,54.123048889223845,0.07352941176470588,790,0.561
2026-10-02 03:33:57,80.0,ALL,14111,None,1651,None,0.18911474435474568,0.009186531416507724,4.857649490975395,0.12159297395517868,None,None
2026-10-02 03:54:02,100.0,1,1085,0.10691244239631337,116,0.11265067756175995,0.11690609902143478,-0.004255425650626421,-3.640037334447527,0.1336206896551724,990,0.5381
2026-10-02 03:54:02,100.0,2,1092,0.07326007326007326,80,0.11234352737665176,0.17882373929023743,-0.06648019701242447,-37.176382328368994,0.10493827160493827,990,0.4739
2026-10-02 03:54:02,100.0,3,1013,0.087857847976308,89,0.15293973684310913,0.14562037587165833,0.007319361437112093,5.026330548386285,0.12921348314606743,990,0.4248
2026-10-02 03:54:02,100.0,4,1138,0.23813708260105448,271,0.1801353543996811,0.16117650270462036,0.018958844244480133,11.762784231163646,0.12084870848708487,990,0.4572
2026-10-02 03:54:02,100.0,5,1179,0.06276505513146735,74,0.1690567135810852,0.14556452631950378,0.023492177948355675,16.138669593711324,0.0472972972972973,990,0.3634
2026-10-02 03:54:02,100.0,6,1180,0.06779661016949153,80,0.09834513813257217,0.06352239102125168,0.0348227396607399,54.81962989883332,0.175,990,nan
2026-10-02 03:54:02,100.0,7,1177,0.12064570943075616,142,0.1737777590751648,0.15987379848957062,0.013903937302529812,8.696820513360628,0.1267605633802817,990,0.4657
2026-10-02 03:54:02,100.0,8,1178,0.08828522920203735,104,0.12593962252140045,0.11135578155517578,0.01458384282886982,13.096619344944974,0.11538461538461539,990,0.5017
2026-10-02 03:54:02,100.0,9,1170,0.07606837606837606,89,0.12015858292579651,0.10407444834709167,0.016084128990769386,15.454445587958624,0.1404494382022472,990,nan
2026-10-02 03:54:02,100.0,10,1120,0.12857142857142856,144,0.1614215075969696,0.09823399782180786,0.06318751722574234,64.32347112693276,0.22916666666666666,990,nan
2026-10-02 03:54:02,100.0,11,1157,0.0898876404494382,104,0.13460509479045868,0.12067079544067383,0.013934293761849403,11.547362152510225,0.15865384615384615,990,0.3872
2026-10-02 03:54:02,100.0,12,1179,0.21374045801526717,252,0.1713348627090454,0.11587809771299362,0.055456750094890594,47.85783611346955,0.12896825396825398,980,0.5212
2026-10-02 03:54:02,100.0,ALL,13668,None,1545,None,0.12932172436930214,0.021972363397876903,16.990465836297346,0.13601622118342724,None,None
2026-10-02 04:14:07,120.0,1,1154,0.09185441941074524,106,0.18269550800323486,0.16615289449691772,0.016542615368962288,9.956260719411762,0.125,1190,0.5257
2026-10-02 04:14:07,120.0,2,1101,0.17620345140781107,194,0.2697741389274597,0.2739311754703522,-0.00415705656632781,-1.5175551155102944,0.09536082474226804,1190,0.4154
2026-10-02 04:14:07,120.0,3,1161,0.030146425495262703,35,0.20035703480243683,0.19045789539813995,0.009899143129587173,5.197549363282448,0.05714285714285714,1190,nan
2026-10-02 04:14:07,120.0,4,1054,0.04174573055028463,44,0.16567590832710266,0.16421735286712646,0.0014585632598027587,0.8881907023449155,0.07954545454545454,1190,0.4708
2026-10-02 04:14:07,120.0,5,1158,0.030224525043177894,35,0.1870240867137909,0.13987596333026886,0.04714811220765114,33.70708668245389,0.1,1190,0.3866
2026-10-02 04:14:07,120.0,6,1179,0.2035623409669211,240,0.14829568564891815,0.09732017666101456,0.05097552016377449,52.379189920022775,0.10833333333333334,1190,0.544
2026-10-02 04:14:07,120.0,7,1200,0.10666666666666667,128,0.2052457332611084,0.18061093986034393,0.024634793400764465,13.63970168131185,0.08984375,1190,0.3147
2026-10-02 04:14:07,120.0,8,1139,0.08691834942932397,99,0.1858769953250885,0.15975427627563477,0.02612270414829254,16.351802754388427,0.1111111111111111,1190,0.5182
2026-10-02 04:14:07,120.0,9,1181,0.016088060965283656,19,0.1547594517469406,0.12760616838932037,0.027153268456459045,21.27896229406067,0.10526315789473684,1190,nan
2026-10-02 04:14:07,120.0,10,1169,0.03507271171941831,41,0.13991867005825043,0.09526774287223816,0.04465093836188316,46.86889498553957,0.25609756097560976,1190,0.7235
2026-10-02 04:14:07,120.0,11,1202,0.033277870216306155,40,0.12142600864171982,0.11121716350317001,0.010208847932517529,9.179201852442988,0.0875,1180,0.3344
2026-10-02 04:14:07,120.0,12,1202,0.06905158069883527,83,0.20990633964538574,0.12898732721805573,0.08091902732849121,62.7340910721376,0.13253012048192772,1180,0.4811
2026-10-02 04:14:07,120.0,ALL,13900,None,1064,None,0.16289280906767772,0.028620901165260493,17.570389588756647,0.10925751879699248,None,None
2026-10-02 04:34:13,140.0,1,1134,0.09082892416225749,103,0.26712748408317566,0.22700510919094086,0.040122393518686295,17.674665412459124,0.11650485436893204,1390,0.4987
2026-10-02 04:34:13,140.0,2,1134,0.1763668430335097,200,0.26642045378685,0.23437096178531647,0.03204948827624321,13.674683942117584,0.1025,1390,0.4405
2026-10-02 04:34:13,140.0,3,1133,0.1615180935569285,183,0.1171354278922081,0.15461698174476624,-0.03748155012726784,-24.24154818203634,0.1071863580998782,1390,0.3825
2026-10-02 04:34:13,140.0,4,1158,0.06822107081174439,79,0.27901363372802734,0.2707778811454773,0.008235764689743519,3.041520472389987,0.1360759493670886,1390,nan
2026-10-02 04:34:13,140.0,5,1158,0.14939550949913644,173,0.2078661173582077,0.17067241668701172,0.037193663418293,21.792427939015326,0.04046242774566474,1390,0.2359
2026-10-02 04:34:13,140.0,6,1201,0.0974188176519567,117,0.14303241670131683,0.09001923352479935,0.05301317572593689,58.89094324640336,0.13247863247863248,1390,0.4979
2026-10-02 04:34:13,140.0,7,1202,0.011647254575707155,14,0.20878639817237854,0.17820847034454346,0.030577918514609337,17.158510173781757,0.07142857142857142,1390,0.3557
2026-10-02 04:34:13,140.0,8,1180,0.2059322033898305,243,0.17480969429016113,0.19104769825935364,-0.016237998381257057,-8.499447273744922,0.09670781893004116,1390,0.3857
2026-10-02 04:34:13,140.0,9,1201,0.009159034138218152,11,0.1800691932439804,0.1378989964723587,0.042170170694589615,30.580476851434124,0.0,1390,nan
2026-10-02 04:34:13,140.0,10,1182,0.005922165820642978,7,0.30608931183815,0.21648311614990234,0.08960618078708649,41.39176411570095,0.07142857142857142,1390,nan
2026-10-02 04:34:13,140.0,11,1179,0.089058524173028,105,0.1805988848209381,0.16503925621509552,0.015559623017907143,9.427831520052598,0.07142857142857142,1380,0.2885
2026-10-02 04:34:13,140.0,12,1159,0.21225194132873165,246,0.19416777789592743,0.1542101949453354,0.039957575500011444,25.911111463269762,0.11585365853658537,1380,0.4028
2026-10-02 04:34:13,140.0,ALL,14021,None,1481,None,0.18043029519108644,0.01756093696270397,9.732809528525069,0.09882856416764194,None,None
2026-10-02 04:54:19,160.0,1,1139,0.36347673397717295,414,0.19621430337429047,0.20729908347129822,-0.011084784753620625,-5.347242529007794,0.11764705882352941,1590,0.4917
2026-10-02 04:54:19,160.0,2,1159,0.0811044003451251,94,0.10592696070671082,0.1477556675672531,-0.04182873293757439,-28.309393220761187,0.11170212765957446,1590,0.404
2026-10-02 04:54:19,160.0,3,1139,0.15539947322212466,177,0.16773955523967743,0.17470690608024597,-0.006967365276068449,-3.988030829684669,0.08757062146892655,1590,0.414
2026-10-02 04:54:19,160.0,4,1138,0.02899824253075571,33,0.24076926708221436,0.23520568013191223,0.005563589744269848,2.365414704759501,0.09848484848484848,1590,0.4746
2026-10-02 04:54:19,160.0,5,1160,0.0034482758620689655,4,0.2054373025894165,0.14775753021240234,0.05767979472875595,39.03678861296673,0.0,1590,0.3265
2026-10-02 04:54:19,160.0,6,1201,0.054954204829308906,66,0.2178945243358612,0.17553900182247162,0.0423555001616478,24.12882591441605,0.06060606060606061,1590,0.4076
2026-10-02 04:54:19,160.0,7,1116,0.11021505376344086,123,0.15818355977535248,0.15230123698711395,0.0058823078870773315,3.862285036841183,0.06910569105691057,1590,0.3792
2026-10-02 04:54:19,160.0,8,1178,0.19100169779286927,225,0.25062480568885803,0.19427001476287842,0.05635477602481842,29.008478788455225,0.06666666666666667,1590,0.3512
2026-10-02 04:54:19,160.0,9,1161,0.025839793281653745,30,0.12946638464927673,0.11244628578424454,0.01702008955180645,15.136195413749475,0.11666666666666667,1590,nan
2026-10-02 04:54:19,160.0,10,1201,0.10324729392173189,124,0.15658709406852722,0.11793524026870728,0.03865187615156174,32.77381388590562,0.1532258064516129,1590,nan
2026-10-02 04:54:19,160.0,11,1180,0.1864406779661017,220,0.16336070001125336,0.1723492294549942,-0.008988538756966591,-5.215305450097055,0.022727272727272728,1580,0.1262
2026-10-02 04:54:19,160.0,12,1116,0.010752688172043012,12,0.20986516773700714,0.14958779513835907,0.060277391225099564,40.29566126658051,0.041666666666666664,1580,0.3373
2026-10-02 04:54:19,160.0,ALL,13888,None,1522,None,0.17787478004585897,0.007167009977897955,4.029244604575299,0.08768454819509931,None,None
2026-10-02 05:14:24,180.0,1,1079,0.012974976830398516,14,0.17297518253326416,0.1402880847454071,0.03268709033727646,23.299976185858224,0.05357142857142857,1790,0.4651
2026-10-02 05:14:24,180.0,2,1154,0.012998266897746967,15,0.14769189059734344,0.13394306600093842,0.013748823665082455,10.264677430174794,0.06666666666666667,1790,nan
2026-10-02 05:14:24,180.0,3,1097,0.20692798541476753,227,0.28175199031829834,0.2923189401626587,-0.010566952638328075,-3.614871014669174,0.09030837004405286,1790,0.3875
2026-10-02 05:14:24,180.0,4,1065,0.09107981220657277,97,0.25251275300979614,0.25804877281188965,-0.00553602771833539,-2.1453416181796765,0.05154639175257732,1790,0.3569
2026-10-02 05:14:24,180.0,5,1124,0.025800711743772242,29,0.18952511250972748,0.14373578131198883,0.04578935354948044,31.85661435971281,0.0,1790,nan
2026-10-02 05:14:24,180.0,6,1201,0.02164862614487927,26,0.10789476335048676,0.06392057240009308,0.04397417604923248,68.79502857701013,0.11538461538461539,1790,0.3238
2026-10-02 05:14:24,180.0,7,1178,0.09847198641765705,116,0.17315763235092163,0.16112132370471954,0.012036297470331192,7.470331793195556,0.09482758620689655,1790,nan
2026-10-02 05:14:24,180.0,8,1201,0.17568692756036636,211,0.22537657618522644,0.21400032937526703,0.01137628685683012,5.316013713642876,0.07582938388625593,1790,0.2822
2026-10-02 05:14:24,180.0,9,1201,0.04079933388842631,49,0.1820932924747467,0.14585505425930023,0.03623824194073677,24.845379630323023,0.030612244897959183,1790,nan
2026-10-02 05:14:24,180.0,10,1201,0.038301415487094086,46,0.20024295151233673,0.18059368431568146,0.019649267196655273,10.880373403484008,0.09782608695652174,1790,nan
2026-10-02 05:14:24,180.0,11,1201,0.06994171523730225,84,0.20461039245128632,0.19288727641105652,0.011723126284778118,6.077708443451346,0.05357142857142857,1780,0.1808
2026-10-02 05:14:24,180.0,12,1141,0.033304119193689745,38,0.13631625473499298,0.09951328486204147,0.03680296614766121,36.98296785065669,0.039473684210526314,1780,0.3531
2026-10-02 05:14:24,180.0,ALL,13843,None,952,None,0.2105808490809022,0.009515526274536118,4.518704486218682,0.07274159663865547,None,None
2026-10-02 05:34:30,200.0,1,439,0.03189066059225513,14,0.11708910018205643,0.11277805268764496,0.004311060067266226,3.82260551989342,0.05357142857142857,1880,0.4664
2026-10-02 05:34:30,200.0,2,470,0.027659574468085105,13,0.1106187254190445,0.13771536946296692,-0.027096670120954514,-19.67585043457411,0.057692307692307696,1880,0.3562
2026-10-02 05:34:30,200.0,3,488,0.012295081967213115,6,0.2707178592681885,0.27589723467826843,-0.00517939543351531,-1.8772915355803221,0.125,1880,0.377
2026-10-02 05:34:30,200.0,4,484,0.002066115702479339,1,0.2184160053730011,0.16235186159610748,0.056064143776893616,34.53249209816132,0.5,1880,nan
2026-10-02 05:34:30,200.0,5,480,0.027083333333333334,13,0.12338093668222427,0.11619417369365692,0.007186769507825375,6.185137584241629,0.11538461538461539,1880,0.1237
2026-10-02 05:34:30,200.0,6,477,0.0,0,None,None,None,None,None,1880,0.3985
2026-10-02 05:34:30,200.0,7,453,0.0,0,None,None,None,None,None,1880,0.4011
2026-10-02 05:34:30,200.0,8,460,0.010869565217391304,5,0.09579005092382431,0.08073417842388153,0.01505587249994278,18.648697235629744,0.0,1880,0.3488
2026-10-02 05:34:30,200.0,9,465,0.01935483870967742,9,0.20114804804325104,0.17187803983688354,0.029270006343722343,17.029520683096163,0.0,1870,nan
2026-10-02 05:34:30,200.0,10,440,0.029545454545454545,13,0.19195392727851868,0.21735501289367676,-0.025401053950190544,-11.686435758726182,0.07692307692307693,1870,nan
2026-10-02 05:34:30,200.0,11,434,0.1728110599078341,75,0.2363169640302658,0.2153707593679428,0.020946210250258446,9.72565185345036,0.05333333333333334,1860,0.1573
2026-10-02 05:34:30,200.0,12,454,0.0,0,None,None,None,None,None,1850,0.3888
2026-10-02 05:34:30,200.0,ALL,5544,None,149,None,0.18541239892076325,0.00943607645071793,5.089237022789654,0.06208053691275168,None,None
2026-10-02 05:54:37,220.0,1,1179,0.04071246819338423,48,0.10582681745290756,0.16347135603427887,-0.057644546031951904,-35.26278085064898,0.11458333333333333,2080,0.3634
2026-10-02 05:54:37,220.0,2,1159,0.15530629853321828,180,0.17857763171195984,0.19178444147109985,-0.013206792995333672,-6.886269237499025,0.07916666666666666,2080,0.3231
2026-10-02 05:54:37,220.0,3,1140,0.07280701754385965,83,0.17743666470050812,0.20405460894107819,-0.02661794424057007,-13.044519983499189,0.060240963855421686,2080,0.3385
2026-10-02 05:54:37,220.0,4,1181,0.009314140558848433,11,0.19562888145446777,0.18070031702518463,0.014928587712347507,8.261517167270313,0.06818181818181818,2080,nan
2026-10-02 05:54:37,220.0,5,1202,0.1638935108153078,197,0.13414530456066132,0.13990336656570435,-0.005758060608059168,-4.115741278716797,0.027918781725888325,2080,0.1372
2026-10-02 05:54:37,220.0,6,1202,0.08901830282861897,107,0.11397107690572739,0.0720229223370552,0.04194815829396248,58.242788452337614,0.0794392523364486,2080,nan
2026-10-02 05:54:37,220.0,7,1202,0.14725457570715475,177,0.1542619913816452,0.15158143639564514,0.0026805526576936245,1.7683911179579213,0.06497175141242938,2080,nan
2026-10-02 05:54:37,220.0,8,1202,0.11397670549084858,137,0.12604083120822906,0.17429323494434357,-0.0482524037361145,-27.684610794861182,0.07664233576642336,2080,0.3507
2026-10-02 05:54:37,220.0,9,1202,0.05574043261231281,67,0.11517180502414703,0.10151034593582153,0.013661458157002926,13.458192887688696,0.06716417910447761,2070,nan
2026-10-02 05:54:37,220.0,10,1202,0.04742096505823627,57,0.12738345563411713,0.09021161496639252,0.03717183321714401,41.20515216470964,0.09649122807017543,2070,nan
2026-10-02 05:54:37,220.0,11,1201,0.09825145711906745,118,0.22689594328403473,0.2160874605178833,0.010808504186570644,5.00191180028058,0.046610169491525424,2060,0.1367
2026-10-02 05:54:37,220.0,12,1202,0.02329450915141431,28,0.12525252997875214,0.08504609018564224,0.040206428617239,47.2760458822677,0.03571428571428571,2050,0.3629
2026-10-02 05:54:37,220.0,ALL,14274,None,1210,None,0.15462019009407887,-0.0037487162515705773,-2.4244674963144632,0.06446280991735537,None,None
2026-10-02 06:14:42,241.0,1,1180,0.07033898305084746,83,0.09947959333658218,0.09000027179718018,0.009479318745434284,10.532544575861252,0.06626506024096386,2280,0.3758
2026-10-02 06:14:42,241.0,2,1138,0.0852372583479789,97,0.26981571316719055,0.2833125591278076,-0.013496841304004192,-4.763940344033783,0.07989690721649484,2280,nan
2026-10-02 06:14:42,241.0,3,1182,0.17681895093062605,209,0.2531907558441162,0.2520899772644043,0.0011007980210706592,0.4366686978261291,0.07535885167464115,2280,0.3102
2026-10-02 06:14:42,241.0,4,1139,0.13520632133450394,154,0.21639710664749146,0.22856462001800537,-0.01216751616448164,-5.323446893715717,0.07467532467532467,2280,0.2533
2026-10-02 06:14:42,241.0,5,1201,0.13322231473771856,160,0.15479707717895508,0.13221195340156555,0.02258514054119587,17.082525414777233,0.05625,2280,nan
2026-10-02 06:14:42,241.0,6,1200,0.0025,3,0.126546248793602,0.08636017888784409,0.0401860773563385,46.533110368527765,0.0,2280,nan
2026-10-02 06:14:42,241.0,7,1200,0.011666666666666667,14,0.216868594288826,0.16094054281711578,0.05592803284525871,34.75074202329014,0.10714285714285714,2280,0.3136
2026-10-02 06:14:42,241.0,8,1201,0.09408825978351373,113,0.14947925508022308,0.17234216630458832,-0.022862911224365234,-13.265999676456747,0.08849557522123894,2270,0.2632
2026-10-02 06:14:42,241.0,9,1202,0.10149750415973377,122,0.2345360368490219,0.2263254076242447,0.008210643194615841,3.6278044435238614,0.03278688524590164,2270,0.2811
2026-10-02 06:14:42,241.0,10,1202,0.021630615640599003,26,0.1570264995098114,0.11212798953056335,0.04489850252866745,40.042189926565314,0.11538461538461539,2270,nan
2026-10-02 06:14:42,241.0,11,1181,0.006773920406435224,8,0.09718696773052216,0.09541014581918716,0.0017768209800124168,1.8622977302431654,0.0,2260,0.1505
2026-10-02 06:14:42,241.0,12,1201,0.0974188176519567,117,0.2492687702178955,0.16859352588653564,0.08067524433135986,47.851923083721935,0.05128205128205128,2250,nan
2026-10-02 06:14:42,241.0,ALL,14227,None,1106,None,0.19619681207197054,0.010298192628114492,5.24890925563909,0.06690777576853527,None,None
2026-10-02 06:34:47,261.0,1,1138,0.2126537785588752,242,0.2872825264930725,0.27120476961135864,0.01607777550816536,5.928279038456847,0.09194214876033058,2480,0.3528
2026-10-02 06:34:47,261.0,2,1120,0.06785714285714285,76,0.2552242875099182,0.2713417708873749,-0.016117464751005173,-5.939912862769296,0.06907894736842106,2480,nan
2026-10-02 06:34:47,261.0,3,1201,0.09408825978351373,113,0.2583750784397125,0.25753384828567505,0.0008411898743361235,0.32663274359299566,0.12168141592920353,2480,0.4092
2026-10-02 06:34:47,261.0,4,1141,0.09377738825591586,107,0.09017205983400345,0.09496242552995682,-0.00479035172611475,-5.04447069394156,0.056074766355140186,2480,0.285
2026-10-02 06:34:47,261.0,5,1200,0.014166666666666666,17,0.0884890928864479,0.09885409474372864,-0.010365010239183903,-10.485160241519955,0.14705882352941177,2480,0.1509
2026-10-02 06:34:47,261.0,6,1201,0.10990840965861781,132,0.16530442237854004,0.12190746515989304,0.04339693859219551,35.598261792480365,0.022727272727272728,2480,nan
2026-10-02 06:34:47,261.0,7,1182,0.005922165820642978,7,0.22692665457725525,0.14028622210025787,0.08664041012525558,61.75974292282002,0.0,2480,nan
2026-10-02 06:34:47,261.0,8,1201,0.16819317235636969,202,0.21785001456737518,0.16527743637561798,0.05257256701588631,31.8086776808464,0.04702970297029703,2470,0.2932
2026-10-02 06:34:47,261.0,9,1200,0.005833333333333334,7,0.17854289710521698,0.19740770757198334,-0.018864823505282402,-9.556275049900712,0.07142857142857142,2470,0.2098
2026-10-02 06:34:47,261.0,10,1201,0.0016652789342214821,2,0.3471917510032654,0.2757789194583893,0.0714128315448761,25.89495661420603,0.0,2470,nan
2026-10-02 06:34:47,261.0,11,1200,0.08916666666666667,107,0.15841558575630188,0.18004556000232697,-0.02162998355925083,-12.013616752877038,0.02336448598130841,2460,0.147
2026-10-02 06:34:47,261.0,12,1202,0.09816971713810316,118,0.19202692806720734,0.12558411061763763,0.0664428323507309,52.90703738232259,0.11016949152542373,2450,nan
2026-10-02 06:34:47,261.0,ALL,14187,None,1130,None,0.18909150062013516,0.021737461217959303,11.495736797619246,0.06924778761061946,None,None
2026-10-02 06:54:52,281.0,1,1157,0.19878997407087295,230,0.19704486429691315,0.20667797327041626,-0.009633095003664494,-4.660920005762108,0.06956521739130435,2680,0.3288
2026-10-02 06:54:52,281.0,2,1157,0.16853932584269662,195,0.2551889717578888,0.26402100920677185,-0.00883202813565731,-3.345198990865299,0.07948717948717948,2680,0.3581
2026-10-02 06:54:52,281.0,3,1158,0.08376511226252159,97,0.2583671808242798,0.24978643655776978,0.008580764755606651,3.4352404693607617,0.07989690721649484,2680,0.3308
2026-10-02 06:54:52,281.0,4,1160,0.0008620689655172414,1,0.07817137241363525,0.08243732899427414,-0.0042659565806388855,-5.174787481209133,0.25,2680,nan
2026-10-02 06:54:52,281.0,5,1201,0.10907577019150708,131,0.20106719434261322,0.16616304218769073,0.03490414842963219,21.00596376311282,0.030534351145038167,2680,0.1953
2026-10-02 06:54:52,281.0,6,1179,0.13061916878710772,154,0.22505712509155273,0.1364235132932663,0.08863360434770584,64.96944860023679,0.05519480519480519,2680,0.2494
2026-10-02 06:54:52,281.0,7,1201,0.02997502081598668,36,0.1551232635974884,0.1520272195339203,0.003096043597906828,2.0365060989726507,0.013888888888888888,2670,nan
2026-10-02 06:54:52,281.0,8,1202,0.08569051580698835,103,0.20111478865146637,0.18525069952011108,0.015864092856645584,8.563580541256394,0.043689320388349516,2670,0.2844
2026-10-02 06:54:52,281.0,9,1201,0.061615320566194835,74,0.18572738766670227,0.1509946882724762,0.03473271429538727,23.002606709390093,0.033783783783783786,2670,0.2296
2026-10-02 06:54:52,281.0,10,1180,0.09661016949152543,114,0.20329131186008453,0.09395349025726318,0.10933782905340195,116.37441967723967,0.06140350877192982,2670,nan
2026-10-02 06:54:52,281.0,11,1202,0.01913477537437604,23,0.22902096807956696,0.21196536719799042,0.01705559715628624,8.046407477668332,0.0,2660,nan
2026-10-02 06:54:52,281.0,12,1201,0.09991673605328892,120,0.20199351012706757,0.15426744520664215,0.04772607609629631,30.93723113931585,0.07916666666666666,2650,nan
2026-10-02 06:54:52,281.0,ALL,14199,None,1278,None,0.18461168665258165,0.029743215783334487,16.11123126744834,0.0594679186228482,None,None
2026-10-02 07:14:57,301.0,1,1180,0.24745762711864408,292,0.2598133087158203,0.24428479373455048,0.015528501011431217,6.3567202747401055,0.07363013698630137,2880,0.3748
2026-10-02 07:14:57,301.0,2,1134,0.2583774250440917,293,0.2327490746974945,0.2483401745557785,-0.015591081231832504,-6.278114791423192,0.07849829351535836,2880,0.3369
2026-10-02 07:14:57,301.0,3,1089,0.12764003673094582,139,0.2726213335990906,0.2877233624458313,-0.015102041885256767,-5.248806268938268,0.07014388489208633,2880,0.3217
2026-10-02 07:14:57,301.0,4,1158,0.0051813471502590676,6,0.11825106292963028,0.10842293500900269,0.009828130714595318,9.06462337860459,0.041666666666666664,2880,nan
2026-10-02 07:14:57,301.0,5,1160,0.06637931034482758,77,0.14996415376663208,0.14180219173431396,0.008161928504705429,5.7558549729597495,0.012987012987012988,2880,0.1797
2026-10-02 07:14:57,301.0,6,1158,0.05699481865284974,66,0.20799650251865387,0.17084814608097076,0.037148330360651016,21.74347876332539,0.045454545454545456,2870,0.1898
2026-10-02 07:14:57,301.0,7,1146,0.06980802792321117,80,0.17887289822101593,0.16880178451538086,0.010071112774312496,5.966235963219238,0.0875,2870,0.3437
2026-10-02 07:14:57,301.0,8,1161,0.19724375538329025,229,0.1649646908044815,0.2079496830701828,-0.04298500716686249,-20.670869285410305,0.0611353711790393,2870,0.2535
2026-10-02 07:14:57,301.0,9,1185,0.16962025316455695,201,0.20247086882591248,0.20222459733486176,0.0002462585107423365,0.12177475637870076,0.05472636815920398,2870,nan
2026-10-02 07:14:57,301.0,10,1182,0.030456852791878174,36,0.12051098793745041,0.11340025067329407,0.007110732141882181,6.270473036579247,0.013888888888888888,2870,0.1668
2026-10-02 07:14:57,301.0,11,1180,0.01694915254237288,20,0.21038155257701874,0.19826877117156982,0.012112794443964958,6.109280030531524,0.0,2860,nan
2026-10-02 07:14:57,301.0,12,1160,0.0,0,None,None,None,None,None,2850,0.3419
2026-10-02 07:14:57,301.0,ALL,13893,None,1439,None,0.22012036901078677,-0.005200805182284284,-2.362709641845741,0.06323835997220292,None,None
2026-10-02 07:35:02,321.0,1,1082,0.012014787430683918,13,0.08372747153043747,0.07422609627246857,0.00950137060135603,12.80057968625815,0.057692307692307696,3080,0.3799
2026-10-02 07:35:02,321.0,2,1154,0.03466204506065858,40,0.11803636699914932,0.14279413223266602,-0.02475777082145214,-17.338086960822945,0.075,3080,0.3602
2026-10-02 07:35:02,321.0,3,1155,0.09004329004329005,104,0.19759951531887054,0.19837066531181335,-0.0007711331709288061,-0.38873347010087567,0.040865384615384616,3080,nan
2026-10-02 07:35:02,321.0,4,1129,0.15943312666076173,180,0.20741818845272064,0.1906639039516449,0.01675429567694664,8.787345338945629,0.07916666666666666,3080,0.3409
2026-10-02 07:35:02,321.0,5,1201,0.026644462947543714,32,0.0967235416173935,0.11034774780273438,-0.013624210841953754,-12.346614329011391,0.046875,3070,nan
2026-10-02 07:35:02,321.0,6,1179,0.027989821882951654,33,0.09565098583698273,0.0549667663872242,0.04068421944975853,74.01603209319345,0.015151515151515152,3070,0.2122
2026-10-02 07:35:02,321.0,7,1181,0.05165114309906858,61,0.17577458918094635,0.15664289891719818,0.019131667912006378,12.21355582937687,0.04918032786885246,3070,nan
2026-10-02 07:35:02,321.0,8,1181,0.07790008467400508,92,0.149720698595047,0.20545509457588196,-0.05573442205786705,-27.127301064458308,0.043478260869565216,3070,0.2968
2026-10-02 07:35:02,321.0,9,1177,0.038232795242141036,45,0.09279496222734451,0.09849746525287628,-0.005702509544789791,-5.789498775577139,0.022222222222222223,3070,0.2203
2026-10-02 07:35:02,321.0,10,1179,0.09329940627650551,110,0.15832267701625824,0.0888260006904602,0.06949664652347565,78.2390808808974,0.01818181818181818,3070,nan
2026-10-02 07:35:02,321.0,11,1182,0.08206429780033841,97,0.12141697853803635,0.13386699557304382,-0.012450017966330051,-9.300289375312651,0.030927835051546393,3060,nan
2026-10-02 07:35:02,321.0,12,1201,0.1257285595337219,151,0.1505856066942215,0.12062174081802368,0.029963865876197815,24.841181757941037,0.059602649006622516,3050,0.2608
2026-10-02 07:35:02,321.0,ALL,14001,None,958,None,0.14700532426555993,0.010145889308851888,6.901715539583925,0.0482776617954071,None,None
2026-10-02 07:55:08,341.0,1,1089,0.09917355371900827,108,0.1649700552225113,0.16465161740779877,0.00031840967130847275,0.19338387093997123,0.046296296296296294,3280,0.3588
2026-10-02 07:55:08,341.0,2,1110,0.13153153153153152,146,0.23590844869613647,0.2489444464445114,-0.013035986572504044,-5.236504271811384,0.08561643835616438,3280,0.3365
2026-10-02 07:55:08,341.0,3,1099,0.18835304822565968,207,0.16325245797634125,0.15733197331428528,0.005920461844652891,3.7630379381476495,0.08090614886731391,3280,0.3284
2026-10-02 07:55:08,341.0,4,1114,0.12567324955116696,140,0.21943427622318268,0.2279466688632965,-0.008512398228049278,-3.734381498311918,0.060714285714285714,3280,0.3385
2026-10-02 07:55:08,341.0,5,1182,0.03807106598984772,45,0.13263824582099915,0.1274176687002182,0.005220566410571337,4.0972076038010234,0.03333333333333333,3270,nan
2026-10-02 07:55:08,341.0,6,1180,0.04067796610169491,48,0.16173744201660156,0.09175699949264526,0.0699804425239563,76.26714355406264,0.052083333333333336,3270,nan
2026-10-02 07:55:08,341.0,7,1201,0.07826810990840966,94,0.16550703346729279,0.1515282392501831,0.013978817500174046,9.225222684132227,0.05851063829787234,3270,nan
2026-10-02 07:55:08,341.0,8,1202,0.08069883527454243,97,0.1774103194475174,0.17897868156433105,-0.0015683510573580861,-0.876278137513471,0.05670103092783505,3270,0.2354
2026-10-02 07:55:08,341.0,9,1161,0.16192937123169682,188,0.18079625070095062,0.17117702960968018,0.009619240649044514,5.619469312546442,0.07446808510638298,3270,0.2532
2026-10-02 07:55:08,341.0,10,1202,0.021630615640599003,26,0.25469210743904114,0.19975072145462036,0.05494139716029167,27.504980587904075,0.0,3270,nan
2026-10-02 07:55:08,341.0,11,1162,0.04044750430292599,47,0.1810450255870819,0.14302784204483032,0.03801719844341278,26.58027828700426,0.0425531914893617,3260,nan
2026-10-02 07:55:08,341.0,12,1138,0.012302284710017574,14,0.15024831891059875,0.12343684583902359,0.02681148052215576,21.720808191357335,0.14285714285714285,3250,nan
2026-10-02 07:55:08,341.0,ALL,13840,None,1160,None,0.1777383261970405,0.007172294999352367,4.0353114338441385,0.0652996317375293,None,None
2026-10-02 08:15:15,361.0,1,1017,0.2015732546705998,205,0.2691977024078369,0.23925888538360596,0.02993883565068245,12.513155197008144,0.08414634146341464,3480,0.3263
2026-10-02 08:15:15,361.0,2,1180,0.059322033898305086,70,0.2889070212841034,0.2511981725692749,0.03770888224244118,15.01160691447383,0.09285714285714286,3480,0.298
2026-10-02 08:15:15,361.0,3,1136,0.06514084507042253,74,0.2718691825866699,0.24538330733776093,0.026485878974199295,10.79367592749187,0.0777027027027027,3480,0.2947
2026-10-02 08:15:15,361.0,4,1186,0.12225969645868466,145,0.24412581324577332,0.2268153727054596,0.017310457304120064,7.631959464493295,0.06206896551724138,3480,0.2953
2026-10-02 08:15:15,361.0,5,1178,0.2691001697792869,317,0.1711093783378601,0.15576675534248352,0.015342612750828266,9.849735084418075,0.03943217665615142,3470,0.1794
2026-10-02 08:15:15,361.0,6,1182,0.18697123519458544,221,0.17021866142749786,0.12727536261081696,0.042943306267261505,33.74047057211983,0.03619909502262444,3470,0.2086
2026-10-02 08:15:15,361.0,7,1202,0.10066555740432612,121,0.19752608239650726,0.18265031278133392,0.014875790104269981,8.144409871380315,0.1115702479338843,3470,0.334
2026-10-02 08:15:15,361.0,8,1201,0.1440466278101582,173,0.19487422704696655,0.1862051635980606,0.008669069036841393,4.655654477742788,0.057803468208092484,3470,0.2098
2026-10-02 08:15:15,361.0,9,1202,0.04492512479201331,54,0.15097783505916595,0.15840832889080048,-0.007430471014231443,-4.690707279257818,0.046296296296296294,3470,0.2631
2026-10-02 08:15:15,361.0,10,1178,0.025466893039049237,30,0.1964392513036728,0.17140990495681763,0.025029344484210014,14.602040932532763,0.0,3470,0.1002
2026-10-02 08:15:15,361.0,11,1162,0.022375215146299483,26,0.16506889462471008,0.14584599435329437,0.019222909584641457,13.180279424113817,0.0,3460,nan
2026-10-02 08:15:15,361.0,12,1180,0.15847457627118644,187,0.20376168191432953,0.16271059215068817,0.04105110466480255,25.229522013406875,0.053475935828877004,3450,nan
2026-10-02 08:15:15,361.0,ALL,14004,None,1623,None,0.1832494507655639,0.02429256932402531,13.256557780958081,0.0585335797905114,None,None
2026-10-02 08:35:20,381.0,1,1121,0.0383586083853702,43,0.28410178422927856,0.2740039825439453,0.01009780541062355,3.685276876953438,0.05813953488372093,3680,0.2406
2026-10-02 08:35:20,381.0,2,1150,0.35739130434782607,411,0.23451340198516846,0.24907593429088593,-0.014562524855136871,-5.846620588454714,0.07481751824817519,3680,0.3297
2026-10-02 08:35:20,381.0,3,1073,0.007455731593662628,8,0.11306767165660858,0.09291502833366394,0.02015264332294464,21.689325918919362,0.0,3670,0.2645
2026-10-02 08:35:20,381.0,4,1094,0.11791590493601463,129,0.22610346972942352,0.24480050802230835,-0.01869705505669117,-7.637670039061901,0.04263565891472868,3670,0.2214
2026-10-02 08:35:20,381.0,5,1178,0.06791171477079797,80,0.2017402946949005,0.14403080940246582,0.05770949274301529,40.06746402553182,0.05,3670,0.212
2026-10-02 08:35:20,381.0,6,1179,0.013570822731128074,16,0.32286012172698975,0.2815060615539551,0.04135405272245407,14.690288548024006,0.03125,3670,0.2487
2026-10-02 08:35:20,381.0,7,1201,0.010824313072439634,13,0.1960514634847641,0.16697540879249573,0.029076065868139267,17.413382053325456,0.038461538461538464,3670,0.3493
2026-10-02 08:35:20,381.0,8,1201,0.03996669442131557,48,0.19906270503997803,0.17066894471645355,0.028393777087330818,16.636756695545138,0.010416666666666666,3670,0.2109
2026-10-02 08:35:20,381.0,9,1202,0.18136439267886856,218,0.2398037314414978,0.20726677775382996,0.03253695368766785,15.698103690458234,0.0481651376146789,3670,0.3083
2026-10-02 08:35:20,381.0,10,1160,0.03620689655172414,42,0.1392884999513626,0.08271638303995132,0.05657213181257248,68.39289839988362,0.011904761904761904,3670,0.1146
2026-10-02 08:35:20,381.0,11,1201,0.03413821815154038,41,0.1220509335398674,0.11680418998003006,0.00524674728512764,4.491917016011731,0.0,3660,nan
2026-10-02 08:35:20,381.0,12,1202,0.13643926788685523,164,0.17048896849155426,0.14702120423316956,0.023467760533094406,15.962160462157218,0.057926829268292686,3650,0.2525
2026-10-02 08:35:20,381.0,ALL,13962,None,1213,None,0.20644930941770614,0.010511573113851182,5.091600036589735,0.0533800494641385,None,None
2026-10-02 08:55:24,401.0,1,466,0.0407725321888412,19,0.26309308409690857,0.23681864142417908,0.02627444826066494,11.094755084589524,0.07894736842105263,3780,0.2828
2026-10-02 08:55:24,401.0,2,464,0.2413793103448276,112,0.27803289890289307,0.2809388041496277,-0.0029059031512588263,-1.0343544958321762,0.078125,3770,0.3607
2026-10-02 08:55:24,401.0,3,488,0.004098360655737705,2,0.32682961225509644,0.27491292357444763,0.05191670358181,18.88478100875848,0.0,3770,0.2308
2026-10-02 08:55:24,401.0,4,485,0.002061855670103093,1,0.05581587553024292,0.03299573063850403,0.02282014489173889,69.16090188076987,0.0,3770,0.2834
2026-10-02 08:55:24,401.0,5,481,0.16424116424116425,79,0.2324495166540146,0.15970945358276367,0.07274003326892853,45.545227058981595,0.04430379746835443,3770,0.1471
2026-10-02 08:55:24,401.0,6,478,0.03347280334728033,16,0.11289861053228378,0.07180735468864441,0.041091255843639374,57.22429968602858,0.03125,3770,0.3209
2026-10-02 08:55:24,401.0,7,474,0.25949367088607594,123,0.23841975629329681,0.20584021508693695,0.03257952257990837,15.827578962715501,0.08943089430894309,3760,nan
2026-10-02 08:55:24,401.0,8,470,0.01276595744680851,6,0.22115278244018555,0.21719063818454742,0.003962147980928421,1.8242719916692607,0.16666666666666666,3760,0.1977
2026-10-02 08:55:24,401.0,9,466,0.02575107296137339,12,0.22181172668933868,0.2148163914680481,0.006995338946580887,3.2564269880780383,0.041666666666666664,3760,0.2724
2026-10-02 08:55:24,401.0,10,462,0.0021645021645021645,1,0.24340049922466278,0.27535492181777954,-0.03195442259311676,-11.604812575045637,0.0,3760,nan
2026-10-02 08:55:24,401.0,11,458,0.03711790393013101,17,0.1521923840045929,0.12869606912136078,0.023496313020586967,18.257211102873605,0.0,3750,nan
2026-10-02 08:55:24,401.0,12,455,0.0,0,None,None,None,None,None,3730,0.2285
2026-10-02 08:55:24,401.0,ALL,5647,None,388,None,0.21127825107463857,0.028831986518403917,13.646452662190205,0.06894329896907217,None,None
